0.5_quant_cc,0.5_quant_nc,0.95_quant_cc,0.95_quant_nc,strain,im_name,cell_area,CTDr
518.0,226.0,589.1999999999998,746.3999999999996,18_2,18_2-06,3582.0,12
565.0,222.0,654.0,696.0,18_2,18_2-06,3261.0,12
444.0,171.0,519.0,658.0,18_2,18_2-06,4431.0,12
451.0,149.0,525.0,486.4499999999998,18_2,18_2-06,2786.0,12
0.0,0.0,522.0,498.0,18_2,18_2-06,3025.0,12
563.0,211.0,632.0,573.0,18_2,18_2-06,4224.0,12
610.0,125.0,749.0,423.0,10_3,10_3-02,3954.0,26
591.0,154.0,665.0,414.0,10_3,10_3-02,2600.0,26
676.0,227.0,779.0,484.0,10_3,10_3-02,5204.0,26
542.0,149.0,605.0,320.0,10_3,10_3-02,2538.0,26
418.0,118.0,466.0,308.0,10_1,10_1-07,2823.0,26
472.0,125.0,561.0,319.0,10_1,10_1-07,3826.0,26
420.0,121.0,469.3499999999999,290.0,10_1,10_1-07,3097.0,26
467.0,115.0,552.0,300.0,10_1,10_1-07,3638.0,26
465.0,124.0,543.0,335.0,10_1,10_1-07,3591.0,26
424.0,110.0,474.0,255.75,10_1,10_1-07,3614.0,26
505.0,146.0,581.0,795.4499999999989,10_1,10_1-07,3452.0,26
468.0,123.0,515.0,295.0,10_1,10_1-07,2978.0,26
460.0,122.0,512.0,282.0,10_1,10_1-07,2484.0,26
435.0,119.0,487.0,307.0,10_1,10_1-07,3481.0,26
453.0,161.0,503.0,581.9499999999998,10_1,10_1-07,4071.0,26
495.0,129.0,576.0,418.0,10_1,10_1-07,4478.0,26
476.0,123.0,569.0,375.4499999999998,10_1,10_1-07,2780.0,26
462.0,142.0,518.0,324.0,10_1,10_1-07,3273.0,26
466.0,128.0,529.0,269.0,10_1,10_1-07,2528.0,26
488.0,117.0,563.0,310.0,10_1,10_1-07,4086.0,26
444.0,109.0,494.0,347.0,10_1,10_1-07,3781.0,26
510.0,134.0,587.0,365.0,10_1,10_1-07,4332.0,26
496.0,112.0,599.0,328.84999999999945,10_1,10_1-07,2927.0,26
459.0,118.0,511.0,275.0,10_1,10_1-07,2946.0,26
532.0,137.0,675.0,418.0,10_1,10_1-07,2799.0,26
483.0,127.0,552.0,358.0,10_1,10_1-07,3188.0,26
456.0,111.0,511.0,285.0,10_1,10_1-07,3321.0,26
469.0,116.0,526.0,337.0,10_1,10_1-07,3445.0,26
463.0,121.0,521.0,346.9499999999998,10_1,10_1-07,3192.0,26
502.0,135.0,585.0,423.0,10_1,10_1-07,3439.0,26
473.0,154.0,526.0,444.5,10_1,10_1-07,2663.0,26
466.0,122.0,521.0,375.0,10_1,10_1-07,3760.0,26
470.5,124.0,547.0,325.0,10_1,10_1-07,2731.0,26
466.0,135.0,521.0,396.0,10_1,10_1-07,3501.0,26
461.0,116.0,517.0,352.0,10_1,10_1-07,3736.0,26
481.0,128.0,549.0,457.75,10_1,10_1-07,3320.0,26
473.0,124.0,519.0,311.0,10_1,10_1-07,2444.0,26
465.0,138.0,525.0,457.0,10_1,10_1-07,2394.0,26
468.0,124.0,530.0,319.0,10_1,10_1-07,3253.0,26
480.0,119.0,558.0,311.0,10_1,10_1-07,4465.0,26
455.0,117.0,511.0,327.0500000000002,10_1,10_1-07,3439.0,26
436.0,113.0,490.0,228.0,10_1,10_1-07,3671.0,26
457.0,116.0,512.0,277.0,10_1,10_1-07,3125.0,26
485.0,114.0,539.0,255.0,10_1,10_1-07,3920.0,26
508.0,150.0,614.0,332.0,10_1,10_1-07,2999.0,26
463.0,124.0,524.0,361.0,10_1,10_1-07,3116.0,26
433.0,111.0,488.0,283.5,10_1,10_1-07,3536.0,26
475.0,125.0,524.0,307.0,10_1,10_1-07,2729.0,26
451.0,121.0,562.0,309.0,10_1,10_1-07,2910.0,26
440.0,112.0,507.0,272.0,10_1,10_1-07,3749.0,26
453.0,117.0,515.0,265.89999999999964,10_1,10_1-07,2725.0,26
460.0,121.0,519.0,321.0,10_1,10_1-07,3638.0,26
439.0,122.0,494.0,360.5500000000002,10_1,10_1-07,2923.0,26
457.0,122.0,522.0,245.0,10_1,10_1-07,3449.0,26
436.5,118.0,484.0,273.0,10_1,10_1-07,2741.0,26
464.0,131.0,522.0,379.0,10_1,10_1-07,2982.0,26
437.0,115.0,483.0,273.0,10_1,10_1-07,4563.0,26
464.0,130.0,529.0,368.0,10_1,10_1-07,2460.0,26
488.0,123.0,602.0,375.0,10_1,10_1-07,3271.0,26
480.0,116.0,540.0,308.0500000000002,10_1,10_1-07,4119.0,26
447.0,115.0,502.0,322.3000000000002,10_1,10_1-07,3582.0,26
455.0,139.0,508.0,465.0,10_1,10_1-07,3121.0,26
465.0,132.0,531.0,373.0,10_1,10_1-07,3333.0,26
466.0,135.0,530.0,365.0,10_1,10_1-07,3553.0,26
412.0,111.0,473.0,281.0,10_1,10_1-07,2874.0,26
432.0,126.0,498.0,367.8000000000002,10_1,10_1-06,2727.0,26
443.0,132.0,494.0,417.0,10_1,10_1-06,2539.0,26
410.0,126.0,466.0,367.4499999999998,10_1,10_1-06,2503.0,26
447.0,122.0,497.0,464.0,10_1,10_1-06,2391.0,26
437.0,121.0,497.0,290.0,10_1,10_1-06,2232.0,26
451.0,122.0,515.0,362.1999999999998,10_1,10_1-06,3178.0,26
398.0,118.0,452.0,298.0,10_1,10_1-06,2904.0,26
459.0,125.0,517.0,389.0,10_1,10_1-12,2383.0,26
484.0,128.0,585.0,411.0499999999993,10_1,10_1-12,4163.0,26
434.0,120.0,489.0,318.14999999999964,10_1,10_1-12,2550.0,26
442.0,126.0,494.0,314.0,10_1,10_1-12,2762.0,26
467.0,130.0,540.0,340.0,10_1,10_1-12,3413.0,26
594.0,117.0,675.0,431.0,10_3,10_3-03,3805.0,26
622.0,124.0,701.0,270.0,10_3,10_3-03,2984.0,26
608.0,129.0,683.0499999999997,324.0,10_3,10_3-03,2876.0,26
589.0,121.0,687.0,285.0,10_3,10_3-03,2849.0,26
576.0,124.0,646.4499999999998,281.0,10_3,10_3-03,3134.0,26
589.0,111.0,682.0,213.0,10_3,10_3-03,3060.0,26
607.0,118.0,727.0,299.0,10_3,10_3-03,4136.0,26
541.0,115.0,622.0,441.0,10_3,10_3-03,3379.0,26
444.0,184.0,507.0,662.0,18_2,18_2-07,3394.0,12
496.0,148.0,597.0,179.0,18_2,18_2-07,3648.0,12
488.0,172.0,561.0,668.0,18_2,18_2-07,4391.0,12
455.0,182.0,560.0,822.8499999999995,18_2,18_2-07,4248.0,12
500.0,208.0,571.0,641.0,18_2,18_2-07,3230.0,12
0.0,0.0,526.0,793.0,18_2,18_2-07,6059.0,12
0.0,0.0,557.0,520.2999999999993,18_2,18_2-07,3316.0,12
618.0,192.0,963.7999999999993,674.0,18_2,18_2-05,5369.0,12
530.0,195.0,595.0,523.3499999999995,18_2,18_2-05,4054.0,12
0.0,0.0,656.0,482.09999999999854,18_2,18_2-05,4454.0,12
491.0,269.0,568.0,742.0999999999985,18_2,18_2-05,4319.0,12
516.0,164.0,604.0,453.0,18_2,18_2-05,5005.0,12
490.0,170.0,559.0,503.0,18_2,18_2-05,3860.0,12
473.0,156.0,550.0,400.14999999999964,18_2,18_2-05,5025.0,12
401.0,115.0,451.0,327.4499999999998,10_1,10_1-04,2675.0,26
517.0,144.0,725.75,169.0,10_1,10_1-04,2777.0,26
442.0,116.0,504.0,305.0500000000002,10_1,10_1-04,2855.0,26
470.0,122.0,538.0,366.8000000000002,10_1,10_1-04,3103.0,26
496.5,133.0,553.0,316.0,10_1,10_1-04,2911.0,26
476.0,144.0,545.0,361.0,10_1,10_1-04,2987.0,26
400.0,132.0,453.0,521.0,10_1,10_1-04,3252.0,26
454.0,138.0,506.0,325.0,10_1,10_1-04,2911.0,26
426.0,112.0,494.0,355.39999999999964,10_1,10_1-04,2787.0,26
448.0,114.0,517.0,433.0,10_1,10_1-04,3453.0,26
439.0,130.0,491.0,353.0,10_1,10_1-04,2955.0,26
429.0,119.0,490.0,298.0,10_1,10_1-10,3332.0,26
441.0,126.0,501.0,365.64999999999964,10_1,10_1-10,3542.0,26
450.0,131.0,501.0,289.0,10_1,10_1-10,2789.0,26
433.0,123.0,486.0,303.0,10_1,10_1-10,3289.0,26
489.0,123.0,553.0,367.8499999999999,10_1,10_1-10,2833.0,26
472.0,130.0,538.0,382.0,10_1,10_1-10,2694.0,26
464.0,119.0,533.0,304.5500000000002,10_1,10_1-10,3200.0,26
517.0,133.0,582.0,372.0499999999997,10_1,10_1-10,2913.0,26
477.0,193.0,535.0,960.4499999999998,10_1,10_1-10,3169.0,26
461.0,118.0,523.0,323.0,10_1,10_1-10,3364.0,26
475.0,143.0,529.0,286.5500000000002,10_1,10_1-10,3457.0,26
463.0,143.0,524.0,365.0,10_1,10_1-10,3245.0,26
445.0,121.0,497.0,309.0,10_1,10_1-10,3021.0,26
433.0,127.0,484.0,495.09999999999945,10_1,10_1-10,2293.0,26
426.0,114.0,479.0,243.0,10_1,10_1-10,3129.0,26
426.0,119.0,476.0,332.2999999999997,10_1,10_1-10,2504.0,26
516.0,132.0,609.0,352.0,10_1,10_1-11,3135.0,26
487.0,141.0,574.0,462.0,10_1,10_1-11,2575.0,26
437.0,111.0,493.0,307.09999999999945,10_1,10_1-11,2947.0,26
409.0,126.0,458.0,298.9499999999998,10_1,10_1-05,2786.0,26
422.0,116.0,475.0,289.0,10_1,10_1-05,3002.0,26
463.0,128.0,533.7999999999997,305.0,10_1,10_1-05,2658.0,26
449.0,130.0,502.89999999999964,309.0,10_1,10_1-05,2489.0,26
483.0,127.0,547.0,459.89999999999964,10_1,10_1-05,2673.0,26
461.0,124.0,557.0,487.0,10_1,10_1-05,3899.0,26
447.0,123.0,518.0,277.0,10_1,10_1-05,3405.0,26
551.0,161.0,659.0,451.0,10_1,10_1-05,2766.0,26
520.0,311.0,696.0,986.0,18_2,18_2-04,4292.0,12
486.0,159.0,559.0,453.8000000000002,18_2,18_2-04,3649.0,12
476.0,197.0,544.0,708.0,18_2,18_2-04,3165.0,12
560.0,118.0,616.0,196.75,10_3,10_3-04,3125.0,26
649.0,143.0,835.0499999999997,680.0,10_3,10_3-04,2226.0,26
685.0,186.0,838.0,734.5,10_3,10_3-04,2740.0,26
546.0,125.0,607.0,292.0,10_3,10_3-04,3337.0,26
558.0,144.0,642.0,641.0,10_3,10_3-04,2417.0,26
761.0,491.0,993.0,1163.0,10_3,10_3-04,3532.0,26
454.0,150.0,510.0,340.0,17_2,17_2,4603.0,14
555.0,281.0,732.0,919.2000000000007,17_2,17_2,3675.0,14
510.5,123.0,587.0,318.0,17_2,17_2,3465.0,14
510.0,136.0,609.0,438.34999999999945,17_2,17_2,4434.0,14
509.0,116.0,606.0,333.0,17_2,17_2,3581.0,14
609.0,446.0,788.0,726.1499999999996,17_2,17_2,2455.0,14
591.0,143.0,695.0,403.0,17_2,17_2,3735.0,14
570.0,395.0,661.0,854.25,17_2,17_2,4604.0,14
576.0,137.0,694.0,400.0,17_2,17_2,5094.0,14
541.0,134.0,604.0,370.0,17_2,17_2,5493.0,14
512.0,133.0,649.0,358.84999999999945,17_2,17_2,2976.0,14
640.0,162.0,761.0,463.0,17_2,17_2,5519.0,14
556.0,135.0,639.0,378.0,17_2,17_2,5551.0,14
475.0,115.0,559.3499999999995,371.34999999999945,17_2,17_2,4335.0,14
528.0,153.0,602.0,441.0,17_2,17_2,4076.0,14
486.0,112.0,558.0,331.0,17_2,17_2,3921.0,14
527.0,172.0,614.0,418.0,17_2,17_2,3367.0,14
483.0,117.0,554.0,295.7999999999993,17_2,17_2,4134.0,14
485.0,129.0,561.0,351.0499999999993,17_2,17_2,3970.0,14
484.5,119.0,579.0,247.0,17_2,17_2,3473.0,14
467.0,97.0,541.0,109.0,17_2,17_2,2507.0,14
547.0,92.0,683.0,107.0,17_2,17_2,2915.0,14
591.0,147.0,748.5499999999993,361.0,17_2,17_2,5136.0,14
504.0,126.0,610.0,362.14999999999964,17_2,17_2,3537.0,14
559.0,146.0,649.0,580.0,17_2,17_2,7093.0,14
538.0,141.0,638.25,344.0,17_2,17_2,3414.0,14
543.0,143.0,614.0,348.0,17_2,17_2,7044.0,14
493.0,118.0,574.0,148.0,17_2,17_2,2141.0,14
540.0,171.0,634.0,550.0,17_2,17_2,3779.0,14
487.0,168.0,568.0,358.0,17_2,17_2-09,5515.0,14
518.0,215.0,575.0,428.0,17_2,17_2-09,2885.0,14
552.0,201.0,642.7999999999993,407.0,17_2,17_2-09,4235.0,14
536.0,174.0,624.0,398.0,17_2,17_2-09,6879.0,14
717.0,207.0,858.0,246.0,17_2,17_2-09,2899.0,14
1126.0,1194.5,1542.0,1612.0,17_2,17_2-09,3360.0,14
797.0,826.0,1096.1499999999996,1255.0,17_2,17_2-09,2655.0,14
524.0,192.0,621.6499999999996,1073.6499999999996,17_2,17_2-08,4357.0,14
0.0,0.0,563.0,344.0499999999993,17_2,17_2-08,5441.0,14
499.0,160.0,598.0,395.0,17_2,17_2-08,5004.0,14
527.0,142.0,762.0,275.64999999999964,17_2,17_2-08,3986.0,14
608.0,183.0,738.0,669.5499999999997,17_2,17_2-08,2842.0,14
498.0,154.0,561.0,345.0,17_2,17_2-08,4057.0,14
688.0,246.0,866.0,591.0,17_2,17_2-08,3179.0,14
583.0,201.0,695.0,540.0,17_2,17_2-08,2283.0,14
0.0,0.0,842.0,156.0,17_2,17_2-08,3145.0,14
547.0,238.0,614.0,780.0,17_2,17_2-08,4677.0,14
519.0,164.0,585.0,535.6499999999996,17_2,17_2-08,3190.0,14
586.0,218.0,739.0,271.0,17_2,17_2-08,2306.0,14
547.0,168.0,635.5500000000002,621.0,17_2,17_2-08,4062.0,14
473.0,143.0,530.0,452.0,17_2,17_2-08,3232.0,14
560.0,231.0,623.0,665.0,17_2,17_2-08,2666.0,14
725.0,175.0,971.0,484.85000000000036,17_2,17_2-08,5504.0,14
489.0,154.0,572.0,379.64999999999964,17_2,17_2-08,4415.0,14
500.0,133.0,582.0499999999993,484.0,17_2,17_2-08,4197.0,14
548.0,138.0,655.0,289.0,17_2,17_2-08,3138.0,14
516.0,154.0,579.0500000000002,399.0,17_3,17_3,3294.0,14
522.0,138.0,584.0,384.25,17_3,17_3,2817.0,14
514.0,127.0,598.0,509.5499999999993,17_3,17_3,3434.0,14
517.0,128.0,604.0,413.0,17_3,17_3,3106.0,14
541.5,131.0,610.0,221.0,17_3,17_3,2663.0,14
464.0,141.0,520.0,318.0,17_3,17_3,3600.0,14
591.0,129.0,649.0,247.0,10_3,10_3-05,4372.0,26
604.0,129.0,665.0,261.0,10_3,10_3-05,3944.0,26
600.0,123.0,680.0,253.0,10_3,10_3-05,3166.0,26
658.0,136.0,783.0,591.0999999999985,10_3,10_3-05,5065.0,26
595.0,126.0,685.0,264.5,10_3,10_3-05,3879.0,26
665.0,130.0,761.0,274.0,10_3,10_3-05,4477.0,26
619.0,190.0,692.0,230.0,10_3,10_3-05,3814.0,26
566.0,123.0,633.0,373.14999999999964,10_3,10_3-05,4580.0,26
614.0,119.0,701.0,259.0,10_3,10_3-05,5350.0,26
654.0,127.0,738.0,285.0,10_3,10_3-05,4359.0,26
601.0,127.0,665.0,349.0,10_3,10_3-05,4677.0,26
626.0,124.0,698.0,259.0499999999993,10_3,10_3-05,4235.0,26
619.0,121.0,683.0,278.0,10_3,10_3-05,4466.0,26
645.0,129.0,726.0,349.0,10_3,10_3-05,4564.0,26
676.0,139.0,891.0,629.6999999999989,10_3,10_3-05,3581.0,26
614.0,129.0,673.0,372.0,10_3,10_3-05,4313.0,26
698.0,146.0,885.0,481.0,10_3,10_3-05,4123.0,26
656.0,148.0,748.0,447.0,10_3,10_3-05,3407.0,26
627.0,132.0,708.0,323.0,10_3,10_3-05,4282.0,26
712.0,167.0,984.0,441.0,10_3,10_3-05,3509.0,26
576.0,116.0,669.0,230.0,10_3,10_3-05,3743.0,26
570.0,118.0,652.0,221.0,10_3,10_3-05,4947.0,26
597.0,121.5,669.0,328.0,10_3,10_3-05,4669.0,26
598.5,119.0,665.0,283.0,10_3,10_3-05,4758.0,26
594.0,124.0,666.0,332.0,10_3,10_3-05,4567.0,26
659.0,127.0,877.8499999999995,261.0,10_3,10_3-05,3515.0,26
570.0,123.0,649.0,236.0,10_3,10_3-05,3602.0,26
559.0,124.0,624.0,248.0,10_3,10_3-05,3932.0,26
493.0,228.0,562.0,609.0,18_2,18_2-03,6083.0,12
444.0,148.0,516.0,434.0,18_2,18_2-03,3176.0,12
443.0,144.0,505.0,674.0,18_2,18_2-03,3003.0,12
573.0,223.0,706.1999999999998,697.3999999999996,18_2,18_2-03,3846.0,12
487.0,165.5,556.0,415.8499999999999,18_2,18_2-03,2748.0,12
465.0,148.0,542.0,412.0,18_2,18_2-03,4636.0,12
482.0,188.0,550.0,417.0,18_2,18_2-03,3015.0,12
0.0,0.0,584.0,535.0,18_2,18_2-03,5424.0,12
517.0,187.0,577.0,521.0,18_2,18_2-03,2676.0,12
555.0,215.0,650.0,751.0,18_2,18_2-03,3669.0,12
458.0,181.0,522.0,529.0,18_2,18_2-03,3456.0,12
488.0,165.0,548.0,396.1499999999992,18_2,18_2-03,2623.0,12
496.0,224.0,624.0,677.7999999999993,18_2,18_2-03,3911.0,12
0.0,0.0,513.0,400.0,18_2,18_2-03,4599.0,12
442.0,148.0,532.0,451.0,18_2,18_2-03,4364.0,12
0.0,0.0,534.0,409.0,18_2,18_2-03,5492.0,12
437.0,124.0,513.0,239.0,10_1,10_1-02,4001.0,26
506.0,168.0,622.0,392.0,10_1,10_1-02,3832.0,26
424.0,130.0,477.0,416.0,10_1,10_1-02,2126.0,26
448.0,118.0,517.0,291.0,10_1,10_1-02,2737.0,26
470.0,138.0,521.0,422.4499999999998,10_1,10_1-03,3460.0,26
413.0,116.0,468.0,316.0,10_1,10_1-03,3035.0,26
502.0,137.0,567.0,350.0,10_1,10_1-03,3384.0,26
438.0,124.0,496.0,372.0,10_1,10_1-03,2645.0,26
468.0,130.0,533.0,376.0500000000002,10_1,10_1-03,3628.0,26
427.0,121.0,476.0,364.0500000000002,10_1,10_1-03,3422.0,26
444.0,119.0,506.0,355.0,10_1,10_1-03,4022.0,26
464.0,129.0,534.3000000000002,386.0,10_1,10_1-03,3463.0,26
457.0,144.0,507.0,439.0,10_1,10_1-03,2137.0,26
441.0,125.0,499.0,338.0,10_1,10_1-03,3546.0,26
455.0,130.0,514.0,368.0,10_1,10_1-03,2119.0,26
458.0,119.0,538.0,282.0,10_1,10_1-03,3664.0,26
456.0,123.0,503.0,305.0,10_1,10_1-03,2027.0,26
415.0,116.0,468.0,318.0,10_1,10_1-03,2726.0,26
434.0,118.0,487.0,332.8499999999999,10_1,10_1-03,2759.0,26
404.0,115.0,455.0,280.0,10_1,10_1-03,3443.0,26
442.0,122.0,492.0,365.0,10_1,10_1-03,2910.0,26
589.0,213.0,691.0,278.0,18_2,18_2-02,2589.0,12
491.0,159.0,599.0,577.0,18_2,18_2-02,3422.0,12
522.0,201.0,590.0,512.0,18_2,18_2-02,2980.0,12
486.0,155.0,559.0,443.0,18_2,18_2-02,2443.0,12
569.0,220.0,639.0,505.0,18_2,18_2-02,3005.0,12
607.0,215.0,714.0,660.0499999999993,18_2,18_2-02,5206.0,12
766.0,297.0,984.0,1186.0,18_2,18_2-02,4896.0,12
589.0,244.5,659.0,456.0,18_2,18_2-02,2765.0,12
0.0,0.0,526.0,278.0,18_2,18_2-02,3846.0,12
469.0,129.0,538.0,374.64999999999964,17_3,17_3-04,3076.0,14
487.0,149.0,585.0,439.9499999999998,17_3,17_3-04,2297.0,14
468.0,151.0,542.0,448.1999999999998,17_3,17_3-04,2830.0,14
435.0,132.0,489.0,339.0,17_3,17_3-04,2784.0,14
493.0,127.0,597.0,338.0,17_3,17_3-04,2658.0,14
480.0,167.0,578.0,259.0,17_3,17_3-04,2457.0,14
563.0,245.0,737.3000000000002,387.3000000000002,17_3,17_3-04,3131.0,14
513.0,133.0,584.0,389.0,10_1,10_1,3110.0,26
511.0,140.0,578.0,307.4499999999998,10_1,10_1,2766.0,26
492.0,117.0,564.0,340.75,10_1,10_1,2850.0,26
512.5,119.0,592.0,287.0,10_1,10_1,2647.0,26
492.0,131.0,563.0,468.9499999999998,10_1,10_1,3165.0,26
493.0,119.0,573.0,192.04999999999973,10_1,10_1,2170.0,26
408.0,157.0,451.0,435.0,18_1,18_1-08,2529.0,12
436.0,149.0,491.0,175.0,18_1,18_1-08,2745.0,12
414.0,152.0,467.0,421.0,18_1,18_1-08,3330.0,12
428.0,123.0,500.0,359.39999999999964,18_1,18_1-08,3355.0,12
445.0,322.0,530.0,834.0,18_1,18_1-08,3715.0,12
0.0,0.0,672.0,794.2999999999993,18_1,18_1-08,3977.0,12
0.0,0.0,525.0,404.0,18_1,18_1-08,8367.0,12
454.0,168.0,529.0,493.0,18_1,18_1-08,3748.0,12
442.0,149.0,509.0,178.0,18_1,18_1-08,3684.0,12
479.0,263.0,591.0,965.0,18_1,18_1-08,4091.0,12
392.0,128.0,453.0,360.0,18_1,18_1-08,3144.0,12
436.0,308.0,503.0,939.0500000000002,18_1,18_1-08,2996.0,12
453.0,183.0,548.0,488.0500000000002,18_1,18_1-09,3731.0,12
449.0,148.0,547.0,514.0,18_1,18_1-09,5035.0,12
496.5,206.0,587.0,603.0,18_1,18_1-09,2269.0,12
457.0,133.0,567.0,158.0,18_1,18_1-09,4351.0,12
824.5,253.0,1133.0,690.0,18_1,18_1-09,6840.0,12
438.0,194.0,525.0,638.5499999999993,18_1,18_1-09,4077.0,12
430.0,203.0,515.0,677.2999999999993,18_1,18_1-09,4398.0,12
482.0,210.0,571.0,282.0,17_3,17_3-05,2665.0,14
456.0,127.0,522.0,440.10000000000036,17_3,17_3-05,3433.0,14
491.0,154.0,553.0,369.4499999999998,17_3,17_3-05,2656.0,14
445.0,126.0,494.0,354.2999999999993,17_3,17_3-05,2436.0,14
484.0,148.0,546.0,596.8000000000002,17_3,17_3-05,3038.0,14
542.0,274.0,698.0,353.14999999999964,17_3,17_3-07,4117.0,14
555.0,177.0,673.0,339.0,17_3,17_3-07,5182.0,14
514.5,125.0,638.0,416.84999999999945,17_3,17_3-07,3546.0,14
571.0,136.0,673.0,476.0,17_3,17_3-07,4323.0,14
480.0,119.0,564.0,367.5,17_3,17_3-07,3985.0,14
630.0,187.0,713.3999999999996,753.0,17_3,17_3-07,3702.0,14
548.0,171.0,622.0,462.0,17_3,17_3-07,7593.0,14
629.0,222.0,711.0,664.0,17_3,17_3-07,3811.0,14
547.0,176.0,675.0,638.0,17_3,17_3-07,7583.0,14
591.0,169.0,653.0,217.64999999999964,17_3,17_3-07,3214.0,14
641.0,243.0,740.0,816.0,17_3,17_3-07,8120.0,14
1003.0,1528.0,1232.2999999999997,1887.2999999999997,17_3,17_3-07,2929.0,14
557.0,168.0,647.0,470.0499999999997,17_3,17_3-07,2764.0,14
465.0,130.0,522.0,344.0,17_3,17_3-07,4011.0,14
606.0,227.0,679.0,619.0,17_3,17_3-07,2532.0,14
547.0,163.0,622.0,391.84999999999945,17_3,17_3-07,2923.0,14
542.0,159.0,688.0,472.0,17_3,17_3-07,3017.0,14
593.0,209.0,703.0,669.0,17_3,17_3-07,6420.0,14
518.0,141.0,586.0,381.25,17_3,17_3-07,5415.0,14
526.0,174.0,652.0,564.0,17_3,17_3-07,2974.0,14
645.0,253.0,740.0,543.0,17_3,17_3-07,5980.0,14
538.0,149.0,612.0,423.0,17_3,17_3-07,3845.0,14
500.0,137.0,560.0,161.0,17_3,17_3-07,2375.0,14
756.0,153.0,1010.0,635.8000000000002,17_3,17_3-07,4089.0,14
539.0,168.0,658.0,632.0,17_3,17_3-07,4626.0,14
486.0,141.0,561.0,373.1999999999998,17_3,17_3-07,4402.0,14
0.0,0.0,659.0,344.0,17_3,17_3-07,3132.0,14
523.0,139.0,671.0,327.0,17_3,17_3-07,5142.0,14
485.0,132.0,559.0,469.0,17_3,17_3-07,3909.0,14
494.0,116.0,630.0,316.0,17_3,17_3-07,2852.0,14
484.5,114.0,586.0,324.34999999999945,17_3,17_3-07,3954.0,14
394.0,127.0,432.0,150.0,17_3,17_3-07,2485.0,14
418.0,109.0,465.0,160.8499999999999,10_2,10_2,2011.0,26
467.0,126.0,529.0,475.0,10_2,10_2,3156.0,26
485.0,124.0,544.0,511.0,10_2,10_2,2518.0,26
480.0,179.0,558.0,392.5499999999997,10_2,10_2,2481.0,26
450.0,131.0,505.0,723.0,10_2,10_2,2680.0,26
461.0,198.0,514.0,655.0,10_2,10_2,4583.0,26
473.0,135.0,563.0,398.64999999999964,17_1,17_1-02,4228.0,14
476.0,140.0,543.0,490.5500000000002,17_1,17_1-02,3267.0,14
0.0,0.0,550.0,253.0,17_1,17_1-02,5486.0,14
493.0,137.0,594.9499999999998,445.0,17_1,17_1-02,4617.0,14
436.0,122.0,530.0,431.0499999999993,17_1,17_1-02,3739.0,14
401.0,106.0,526.0,296.64999999999964,17_1,17_1-03,5658.0,14
463.0,145.0,542.0,591.25,17_1,17_1-03,2582.0,14
470.0,123.0,546.1999999999998,396.0,17_1,17_1-03,3134.0,14
494.0,151.0,661.0,186.0,17_1,17_1-03,3406.0,14
599.0,157.0,972.9499999999998,353.0,17_1,17_1-03,6199.0,14
514.0,174.0,584.0,293.5499999999997,17_1,17_1-03,3010.0,14
461.0,200.0,559.0,491.4499999999998,17_1,17_1-03,3280.0,14
455.0,155.0,540.0,439.0,17_1,17_1-03,3466.0,14
473.0,134.0,573.0,277.84999999999945,17_1,17_1-03,3700.0,14
0.0,0.0,906.3499999999985,832.3499999999985,17_1,17_1-03,6340.0,14
424.0,159.0,491.0,455.0,17_1,17_1-03,2897.0,14
408.0,114.0,485.0,361.0,17_1,17_1-03,5348.0,14
608.0,180.0,781.1499999999996,366.14999999999964,10_3,10_3,3641.0,26
543.0,123.0,607.0,330.0,10_3,10_3,2761.0,26
585.0,119.0,658.0,297.64999999999964,10_3,10_3,2904.0,26
596.0,169.0,721.0,821.0,10_3,10_3,4406.0,26
552.0,135.0,659.0,573.0,10_3,10_3,3346.0,26
511.0,213.0,592.8999999999996,477.0,17_3,17_3-06,3330.0,14
462.0,156.0,519.0,360.25,17_3,17_3-06,4975.0,14
507.0,191.0,586.0,460.0,17_3,17_3-06,4393.0,14
481.0,221.0,536.0,475.0,17_3,17_3-06,4282.0,14
580.0,195.0,648.0,496.0,17_3,17_3-06,3681.0,14
564.0,188.0,655.0,497.0499999999997,17_3,17_3-06,2637.0,14
489.0,195.0,575.0,427.0,17_3,17_3-06,3617.0,14
491.0,166.0,547.0,492.4499999999998,17_3,17_3-06,3334.0,14
482.0,157.0,563.0,443.0,17_3,17_3-06,2775.0,14
624.0,135.0,822.0,156.0,17_3,17_3-06,3247.0,14
489.0,141.0,550.0,407.0,17_3,17_3-06,4138.0,14
9085.0,1030.0,14517.999999999998,2048.3999999999996,17_3,17_3-06,3015.0,14
496.0,146.0,543.0,350.0,17_3,17_3-06,3438.0,14
455.0,128.0,507.0,381.0,17_3,17_3-06,3644.0,14
517.0,147.0,615.8499999999995,372.0,17_3,17_3-06,3977.0,14
498.0,149.0,591.0,430.0,17_3,17_3-06,2969.0,14
449.0,142.0,517.0,361.0,17_3,17_3-06,5211.0,14
460.0,137.0,514.0,443.5500000000002,17_3,17_3-06,2999.0,14
443.0,128.0,501.0,374.0,17_3,17_3-06,4324.0,14
461.0,138.0,512.0,406.0,17_3,17_3-06,4862.0,14
491.0,129.0,584.0499999999997,343.0499999999997,17_3,17_3-02,2523.0,14
502.0,128.0,567.0500000000002,351.0500000000002,17_3,17_3-02,2765.0,14
718.0,573.0,896.0,898.0,17_3,17_3-02,3548.0,14
599.0,210.0,758.0,599.0,17_3,17_3-02,3503.0,14
644.0,283.0,784.0,762.0,17_3,17_3-02,3243.0,14
723.0,168.0,1072.0,502.0,17_3,17_3-02,3187.0,14
521.0,136.0,594.0,486.0,17_3,17_3-02,3822.0,14
438.5,169.0,499.0,486.0,17_1,17_1-07,2290.0,14
502.0,186.0,582.0,655.0,17_1,17_1-07,3546.0,14
509.0,178.0,595.0,404.0,17_1,17_1-07,3277.0,14
475.0,138.0,533.0,227.0,17_1,17_1-07,3332.0,14
469.0,141.0,532.0,412.0,17_1,17_1-07,2955.0,14
458.0,131.0,517.0,347.0,17_1,17_1-07,3569.0,14
1000.5,428.0,1490.0499999999993,650.0,17_1,17_1-07,4481.0,14
572.0,196.0,650.0,637.8499999999999,17_1,17_1-06,2574.0,14
511.0,304.0,583.0,528.0,17_1,17_1-06,4243.0,14
504.0,174.0,583.0,515.0,17_1,17_1-06,3954.0,14
561.0,219.0,638.0,594.3999999999996,17_1,17_1-06,3580.0,14
487.0,143.0,540.0,411.0,17_1,17_1-06,3619.0,14
425.0,125.0,496.0,413.0,17_3,17_3-03,3364.0,14
470.0,144.0,562.0,504.14999999999964,17_3,17_3-03,4512.0,14
461.0,122.0,521.0,322.75,17_3,17_3-03,4440.0,14
515.0,127.0,665.0,531.0,17_3,17_3-03,4151.0,14
0.0,0.0,690.0,448.0,17_3,17_3-03,5742.0,14
488.0,131.0,559.0,364.0,17_3,17_3-03,4272.0,14
455.0,129.0,509.0,409.25,17_3,17_3-03,3162.0,14
473.0,144.0,533.0,493.0,17_3,17_3-03,3189.0,14
473.0,136.0,528.0,297.5,17_3,17_3-03,3417.0,14
500.0,245.0,573.0,317.3000000000002,17_3,17_3-03,3803.0,14
620.0,315.0,849.0,411.0,17_3,17_3-03,3265.0,14
459.0,142.0,509.0,436.0,17_3,17_3-03,3570.0,14
505.0,181.0,575.0,501.0,17_3,17_3-03,2149.0,14
469.0,146.0,531.0,643.0,17_3,17_3-03,4966.0,14
481.0,136.0,534.0,402.7999999999997,17_3,17_3-03,2501.0,14
408.0,119.0,466.0,409.0,17_3,17_3-03,3448.0,14
469.0,138.0,548.0,372.0,18_3,18_3-08,4631.0,12
502.0,156.0,599.0,372.84999999999945,18_3,18_3-08,4196.0,12
572.0,223.0,644.0,662.0499999999993,18_3,18_3-08,4813.0,12
513.0,168.0,595.0499999999993,388.0,18_3,18_3-08,3960.0,12
529.0,147.0,597.0,400.0,18_3,18_3-08,3716.0,12
517.0,170.0,591.0,431.64999999999964,18_3,18_3-08,4963.0,12
484.0,156.0,546.0,537.8499999999995,18_3,18_3-08,3820.0,12
885.0,4276.5,1312.0,6779.699999999999,18_3,18_3-08,3783.0,12
464.0,171.0,519.0,592.6499999999996,18_3,18_3-08,3241.0,12
495.0,155.0,559.0,446.1999999999998,18_3,18_3-08,3376.0,12
502.0,191.0,566.0,451.0,18_3,18_3-08,2853.0,12
536.0,170.0,694.0,533.8499999999995,18_3,18_3-08,3940.0,12
531.0,170.0,607.0,669.0,18_3,18_3-08,3609.0,12
581.0,188.0,661.0,495.0,18_3,18_3-08,4625.0,12
562.0,250.0,676.0,335.0,18_3,18_3-08,3389.0,12
574.0,170.0,701.4499999999998,584.4499999999998,17_1,17_1-04,4564.0,14
562.0,157.0,642.0,362.0,17_1,17_1-04,3090.0,14
0.0,0.0,689.0,471.60000000000036,17_1,17_1-04,4492.0,14
525.0,136.0,598.0,358.5500000000002,17_1,17_1-04,3085.0,14
669.0,258.0,782.0,784.0,17_1,17_1-04,5394.0,14
586.0,160.0,676.0,406.89999999999964,17_1,17_1-04,3233.0,14
601.0,208.0,679.0,594.0,17_1,17_1-04,3152.0,14
619.0,160.0,704.0,336.0,17_1,17_1-04,2389.0,14
605.0,188.0,683.0,363.0,17_1,17_1-04,4002.0,14
564.0,147.0,633.0,390.0,17_1,17_1-04,5067.0,14
447.0,126.0,505.0,173.0,17_1,17_1-10,3725.0,14
481.0,153.0,540.0,391.0,17_1,17_1-10,2731.0,14
561.0,134.0,835.0,351.0,17_1,17_1-10,4062.0,14
623.0,272.0,803.4499999999998,510.0,17_1,17_1-10,3747.0,14
755.0,332.0,1168.0,466.0,17_1,17_1-11,3539.0,14
567.0,154.0,798.0,270.0,17_1,17_1-11,2637.0,14
532.0,232.0,615.0,776.8999999999996,17_1,17_1-11,3521.0,14
0.0,0.0,954.0,625.0499999999993,17_1,17_1-05,8366.0,14
567.0,169.0,618.0,445.0,17_1,17_1-05,2086.0,14
967.0,444.0,1272.0,831.1499999999996,17_1,17_1-05,4201.0,14
565.0,193.0,656.0,590.0,17_1,17_1-05,2738.0,14
476.0,172.0,554.0,408.0,17_1,17_1-05,4153.0,14
552.0,301.0,710.1999999999998,639.3999999999996,18_3,18_3-09,4563.0,12
518.0,182.0,589.0,569.0500000000002,18_3,18_3-09,4225.0,12
532.0,170.0,635.8499999999995,409.0,18_3,18_3-09,3203.0,12
578.0,192.0,667.0,514.0500000000002,18_3,18_3-09,3207.0,12
568.0,203.0,650.0,566.0,18_3,18_3-09,4117.0,12
550.0,165.0,647.0,507.0,18_3,18_3-09,4333.0,12
516.0,151.0,588.0,492.0,18_3,18_3-09,2992.0,12
517.0,151.0,606.0,536.0,18_3,18_3-09,3705.0,12
502.0,202.5,571.0,459.0,18_3,18_3-09,2971.0,12
487.0,221.0,559.0,500.0,18_3,18_3-09,3336.0,12
435.0,152.0,507.0,474.0,18_1,18_1,3099.0,12
405.0,156.0,469.0,456.0,18_1,18_1,2924.0,12
402.0,163.0,442.0,587.0,18_1,18_1,2797.0,12
0.0,0.0,509.0,464.5499999999993,18_1,18_1,3458.0,12
420.0,196.0,467.0,451.64999999999964,18_1,18_1,2603.0,12
411.0,142.0,463.0,412.0,18_1,18_1,3227.0,12
422.0,160.0,479.0,390.25,18_1,18_1,2926.0,12
465.0,169.0,636.0,609.0,18_1,18_1,4826.0,12
600.0,323.0,724.0,647.5499999999997,18_1,18_1,2603.0,12
488.0,179.0,561.0,505.84999999999945,18_1,18_1,2901.0,12
442.0,206.0,490.0,652.0,18_1,18_1,2428.0,12
473.0,158.0,554.0,442.0500000000002,18_1,18_1,2915.0,12
410.0,153.0,458.0,383.8000000000002,18_1,18_1,2766.0,12
399.0,151.0,454.0,495.0,18_1,18_1,3372.0,12
0.0,0.0,439.0,377.0,18_1,18_1,4114.0,12
462.5,180.0,528.0,505.5500000000002,18_1,18_1,2938.0,12
461.0,212.0,514.0,591.3999999999996,18_1,18_1,2988.0,12
420.0,217.5,466.0,482.5499999999997,18_1,18_1,2328.0,12
475.0,165.0,533.25,558.75,18_1,18_1,2451.0,12
427.0,176.0,487.0,526.0,18_1,18_1,3425.0,12
474.0,148.0,535.0,518.0,18_3,18_3-10,2520.0,12
445.0,140.0,499.0,743.0,18_3,18_3-10,3487.0,12
565.0,248.0,663.0,805.0,18_3,18_3-10,3931.0,12
498.0,130.0,562.0,427.0,18_3,18_3-10,4468.0,12
544.0,203.0,640.0,517.0,18_3,18_3-10,3960.0,12
506.0,162.0,577.0,458.34999999999945,18_3,18_3-10,3170.0,12
465.0,162.0,524.6999999999998,218.69999999999982,18_3,18_3-10,3416.0,12
554.0,184.0,673.0,558.3499999999995,18_3,18_3-04,4218.0,12
502.0,180.0,603.0,902.0500000000002,18_3,18_3-04,3441.0,12
570.0,245.0,665.0,647.0499999999993,18_3,18_3-04,4646.0,12
561.0,194.0,668.0,503.3000000000002,18_3,18_3-04,2696.0,12
614.0,258.0,732.0,617.0,18_3,18_3-04,4352.0,12
823.0,456.0,927.0,550.0,18_3,18_3-04,3352.0,12
554.0,227.0,674.0,1082.0,18_3,18_3-04,5521.0,12
598.0,163.0,710.0,676.0,18_3,18_3-04,2846.0,12
587.0,287.0,657.0,676.3000000000002,18_3,18_3-04,3218.0,12
558.0,155.0,717.0500000000002,643.0,18_3,18_3-04,3645.0,12
477.0,133.0,557.0,547.0999999999985,18_3,18_3-04,4327.0,12
517.0,181.0,588.0,418.0,18_3,18_3-04,4697.0,12
504.0,164.0,620.0,361.0,18_3,18_3-04,3163.0,12
503.0,228.0,572.0,553.0,18_3,18_3-04,4164.0,12
531.0,350.0,653.0,745.0,18_3,18_3-04,3124.0,12
514.0,165.0,609.0,647.0,18_3,18_3-04,4324.0,12
525.0,182.0,607.0,413.64999999999964,18_3,18_3-04,4830.0,12
676.0,631.5,875.0500000000002,1059.0,18_3,18_3-04,3326.0,12
483.0,168.0,589.0,459.0,18_3,18_3-04,5206.0,12
519.0,187.0,591.0,408.0,18_3,18_3-04,4487.0,12
433.0,181.0,489.0,491.0,17_1,17_1-08,3128.0,14
0.0,0.0,517.0,587.0,17_1,17_1-09,5288.0,14
436.0,144.5,512.0,441.0,17_1,17_1-09,4082.0,14
422.5,138.0,483.0,315.0,17_1,17_1-09,2942.0,14
513.0,197.0,575.0,612.0,17_1,17_1-09,5438.0,14
520.0,209.0,593.0,452.0,18_3,18_3-05,2402.0,12
480.0,141.0,572.0,369.0,18_3,18_3-05,3720.0,12
577.0,256.0,654.0,630.0,18_3,18_3-05,2374.0,12
576.0,158.0,666.0,324.4499999999998,18_3,18_3-05,2251.0,12
882.0,1548.0,1160.0,2887.25,18_3,18_3-05,6830.0,12
609.0,176.0,692.0,641.6000000000004,18_3,18_3-05,2795.0,12
488.0,159.0,565.0,599.0,18_3,18_3-05,2508.0,12
612.0,305.0,668.0,796.3999999999996,18_3,18_3-05,3056.0,12
565.0,227.0,658.0,454.25,18_3,18_3-05,2847.0,12
563.0,233.0,635.0,324.0,18_3,18_3-05,3017.0,12
525.0,276.0,591.0,639.6999999999989,18_3,18_3-05,4085.0,12
560.0,293.0,641.0,620.5,18_3,18_3-05,6007.0,12
515.0,159.0,619.0,446.0,18_3,18_3-05,3966.0,12
419.0,196.0,474.0,445.0,18_1,18_1-02,2832.0,12
430.0,172.0,508.0,603.0,18_1,18_1-02,2763.0,12
460.0,177.0,623.0,297.0500000000002,18_1,18_1-02,2849.0,12
412.0,189.0,477.0,511.0,18_1,18_1-02,3491.0,12
398.0,152.5,444.4499999999998,826.0,18_1,18_1-02,3369.0,12
359.0,116.5,442.0,146.0,18_1,18_1-02,1878.0,12
405.0,137.0,467.0,826.0,18_1,18_1-02,7140.0,12
510.0,205.0,633.0,499.0,18_1,18_1-02,3899.0,12
423.0,169.0,579.0,499.64999999999964,18_1,18_1-02,8355.0,12
407.0,153.0,466.0,473.89999999999964,18_1,18_1-02,2944.0,12
423.0,159.0,498.0,358.25,18_1,18_1-02,5435.0,12
558.0,193.0,780.0,306.0,18_1,18_1-02,5144.0,12
431.0,281.0,507.0,664.0,18_1,18_1-02,3136.0,12
504.0,236.0,580.0,594.5,18_1,18_1-02,2767.0,12
539.0,254.0,599.0,301.0,18_1,18_1-02,3337.0,12
0.0,0.0,530.0,413.0,18_1,18_1-02,6517.0,12
690.0,346.0,841.0,493.25,18_1,18_1-02,4734.0,12
594.0,289.0,705.0,1102.0,18_1,18_1-02,5030.0,12
835.0,563.0,1370.0,951.0,18_1,18_1-02,3852.0,12
453.0,207.0,508.0,595.0,18_1,18_1-02,3153.0,12
543.0,157.0,651.0,628.0,18_1,18_1-02,5756.0,12
514.0,257.0,649.0,637.0,18_1,18_1-02,3275.0,12
0.0,0.0,517.0,529.0,18_1,18_1-02,7249.0,12
470.0,219.0,544.0,663.4499999999998,18_1,18_1-02,3854.0,12
516.0,222.0,615.0,562.0,18_1,18_1-02,4595.0,12
505.0,218.0,628.25,342.0,18_1,18_1-02,2931.0,12
494.0,252.0,585.0,591.0,18_1,18_1-02,4788.0,12
522.0,180.0,638.0,585.1999999999989,18_1,18_1-02,5919.0,12
460.0,195.0,519.0,412.0,18_1,18_1-02,3465.0,12
519.0,206.0,633.0,455.0,18_1,18_1-02,3152.0,12
450.0,151.0,527.0,421.0,18_1,18_1-02,3052.0,12
469.0,186.0,535.0,545.0,18_1,18_1-02,2720.0,12
593.0,369.0,674.0,744.8499999999995,18_1,18_1-02,5225.0,12
648.0,268.0,752.0,732.0,18_2,18_2,3498.0,12
521.0,150.0,618.0,426.0,18_2,18_2,4519.0,12
661.0,288.0,737.0,849.0500000000002,18_2,18_2,3265.0,12
608.0,172.0,703.0,465.0,18_2,18_2,3359.0,12
578.0,174.0,651.0,385.0,18_2,18_2,3029.0,12
670.0,219.0,794.0,559.0,18_2,18_2,3444.0,12
568.0,164.0,633.0,467.64999999999964,18_2,18_2,3521.0,12
592.0,179.0,715.0,495.0,18_2,18_2,3288.0,12
525.0,146.0,636.0,386.9499999999989,18_2,18_2,5805.0,12
601.0,224.0,691.0,573.3499999999995,18_2,18_2,3665.0,12
518.0,221.0,638.0,518.3499999999995,18_2,18_2,4098.0,12
535.0,181.0,597.0,865.1999999999998,18_2,18_2,3802.0,12
570.0,178.0,678.0,598.0,18_2,18_2,4317.0,12
577.0,210.0,659.0,591.25,18_2,18_2,3463.0,12
575.0,188.0,780.0,719.0,18_2,18_2,4438.0,12
557.0,191.0,624.0,387.3499999999999,18_2,18_2,2167.0,12
612.0,211.0,702.0,638.9499999999998,18_2,18_2,3544.0,12
569.0,170.0,698.0499999999993,659.0,18_2,18_2,3579.0,12
0.0,0.0,668.0,523.0,18_2,18_2,8434.0,12
568.0,182.0,626.0,565.0499999999997,18_2,18_2,2824.0,12
534.0,206.0,618.0,569.7999999999997,18_2,18_2,2945.0,12
557.0,206.0,650.0,578.8499999999995,18_2,18_2,4334.0,12
560.0,198.0,644.0,557.0,18_2,18_2,4654.0,12
507.0,163.0,563.0,384.0,18_2,18_2,3026.0,12
589.0,210.5,669.0,668.0,18_2,18_2,3816.0,12
497.0,156.0,604.0,742.0,18_2,18_2,4674.0,12
589.0,234.0,659.0,590.0,18_2,18_2,3328.0,12
574.0,174.0,745.75,514.0,18_2,18_2,3749.0,12
602.0,196.0,724.0,558.0,18_2,18_2,3796.0,12
557.0,183.0,634.0,529.0,18_2,18_2,4123.0,12
578.0,224.0,660.0,646.0,18_2,18_2,3025.0,12
505.0,167.0,630.0,601.25,18_3,18_3-07,5172.0,12
509.0,158.0,583.0,633.0,18_3,18_3-07,3361.0,12
509.0,174.0,592.0,519.8000000000002,18_3,18_3-07,3648.0,12
594.0,204.0,713.0,708.0,18_3,18_3-07,3280.0,12
601.0,286.0,700.0,899.0,18_3,18_3-07,3472.0,12
457.0,170.0,522.0,462.0,18_3,18_3-07,2891.0,12
0.0,0.0,586.0,457.4499999999989,18_3,18_3-07,6247.0,12
401.0,119.0,448.0,265.0,10_2,10_2-03,2767.0,26
442.0,114.0,503.89999999999964,312.89999999999964,10_2,10_2-03,3484.0,26
410.0,122.0,465.0,337.0,10_2,10_2-03,2086.0,26
416.0,102.0,485.0,251.0,10_2,10_2-03,3356.0,26
427.0,121.0,478.0,314.0,10_2,10_2-03,3075.0,26
414.0,119.0,472.0,297.0,10_2,10_2-03,3724.0,26
417.0,108.0,470.0,244.59999999999945,10_2,10_2-03,3534.0,26
437.0,153.0,510.0,587.0,10_2,10_2-03,3643.0,26
409.0,117.0,453.0,465.0,10_2,10_2-03,2941.0,26
433.0,104.0,517.0,278.6999999999998,10_2,10_2-03,3844.0,26
453.0,113.0,546.0,640.0,10_2,10_2-03,3513.0,26
440.0,118.0,516.0,268.0,10_2,10_2-03,3398.0,26
429.0,113.0,512.0,256.0,10_2,10_2-03,2985.0,26
442.0,132.0,493.0,498.0,10_2,10_2-03,3326.0,26
428.0,114.0,528.0,319.0,10_2,10_2-03,3509.0,26
481.0,137.0,571.0,491.10000000000036,10_2,10_2-03,3278.0,26
446.0,111.0,507.8000000000002,324.0,10_2,10_2-03,3789.0,26
455.0,113.0,523.0,298.0,10_2,10_2-03,3356.0,26
426.0,109.0,486.0,384.25,10_2,10_2-03,3982.0,26
464.0,121.0,571.0,426.0,10_2,10_2-03,2779.0,26
459.0,122.0,581.0,323.4499999999998,10_2,10_2-03,3918.0,26
405.0,129.0,465.0,359.0,10_2,10_2-03,2396.0,26
395.0,110.0,446.0,441.0,10_2,10_2-03,3188.0,26
432.0,116.0,533.0,369.6999999999989,10_2,10_2-03,3646.0,26
435.0,128.0,509.8000000000002,444.0,10_2,10_2-03,3269.0,26
437.0,118.0,503.0,292.0,10_2,10_2-03,3747.0,26
490.0,154.0,599.0,467.0,10_2,10_2-03,3034.0,26
440.0,123.0,509.0,430.5500000000002,10_2,10_2-03,3234.0,26
426.0,117.0,499.0,476.0,10_2,10_2-03,2826.0,26
375.0,124.0,430.0,443.0,10_2,10_2-03,3698.0,26
419.0,121.0,483.0,384.0,10_2,10_2-03,2641.0,26
420.0,126.0,488.0,340.0,10_2,10_2-03,2752.0,26
397.0,105.0,456.0,256.75,10_2,10_2-03,3808.0,26
418.0,124.0,495.0,522.7999999999993,10_2,10_2-03,2720.0,26
418.0,120.0,466.0,361.0,10_2,10_2-02,3199.0,26
454.0,125.0,555.0,443.0,10_2,10_2-02,3303.0,26
509.5,153.5,638.0,202.0,10_2,10_2-02,1870.0,26
441.0,117.0,494.0,412.5499999999997,10_2,10_2-02,2550.0,26
464.0,152.0,520.0,356.0,10_2,10_2-02,3580.0,26
549.0,238.0,677.0,343.0,10_2,10_2-02,3125.0,26
480.0,126.0,534.0,330.0,10_2,10_2-02,2674.0,26
513.0,138.0,635.0,582.5999999999999,10_2,10_2-02,2705.0,26
491.0,122.0,561.0,402.0,10_2,10_2-02,2796.0,26
459.0,116.0,540.0,298.0,10_2,10_2-02,3045.0,26
453.0,128.0,504.9499999999998,391.9499999999998,10_2,10_2-02,2753.0,26
467.0,118.0,565.0500000000002,587.0,10_2,10_2-02,3040.0,26
598.0,173.0,810.0,275.0,10_2,10_2-02,3267.0,26
441.0,110.0,498.0,260.0,10_2,10_2-02,3864.0,26
498.0,136.0,554.0,388.0,10_2,10_2-02,2979.0,26
572.0,145.0,689.0,707.1499999999992,10_2,10_2-02,2878.0,26
575.0,149.0,765.0,204.69999999999982,10_2,10_2-02,2821.0,26
539.0,137.0,599.0,464.0,10_2,10_2-02,2598.0,26
520.0,159.0,595.0,581.75,18_3,18_3-06,4514.0,12
530.0,214.0,622.0,612.0,18_3,18_3-06,4025.0,12
522.0,181.0,606.0,552.0,18_3,18_3-06,3918.0,12
535.0,203.0,608.0,257.0,18_3,18_3-06,3603.0,12
580.0,424.0,673.0,1132.0,18_3,18_3-06,8185.0,12
598.0,228.0,681.0,441.0,18_3,18_3-06,2887.0,12
599.0,230.0,666.0,396.0,18_3,18_3-06,3462.0,12
565.0,190.5,623.0,917.7499999999986,18_3,18_3-06,2564.0,12
565.0,181.0,634.0,598.0,18_3,18_3-06,3664.0,12
523.0,171.0,609.0,514.0,18_3,18_3-06,5220.0,12
542.0,156.0,611.0,462.0,18_3,18_3-06,4541.0,12
551.0,237.0,638.0,290.0,18_3,18_3-06,3739.0,12
535.0,149.0,614.0,513.0,18_3,18_3-06,5183.0,12
562.0,254.0,661.6999999999998,317.0,18_3,18_3-06,4647.0,12
526.0,141.0,596.0,378.0,18_3,18_3-06,4056.0,12
529.0,170.0,591.0,515.0500000000002,18_3,18_3-06,3870.0,12
526.0,183.0,590.0,544.0500000000002,18_3,18_3-06,3611.0,12
558.0,201.0,630.0,564.0,18_3,18_3-06,4137.0,12
0.0,0.0,589.0,467.09999999999854,18_3,18_3-06,5492.0,12
519.0,157.0,590.0,444.0,18_3,18_3-06,3583.0,12
549.0,372.0,739.6999999999989,567.0,18_3,18_3-06,3918.0,12
547.0,207.0,675.0,631.4499999999989,18_3,18_3-06,6740.0,12
576.0,181.0,726.8499999999995,581.8499999999995,18_3,18_3,3477.0,12
563.0,225.0,658.0,616.25,18_3,18_3,5221.0,12
544.0,159.0,620.0,767.0,18_3,18_3,4603.0,12
559.0,188.0,628.0,605.0,18_3,18_3,3009.0,12
544.0,221.0,614.0,725.2999999999997,18_3,18_3,2755.0,12
592.0,168.0,751.9499999999998,403.9499999999998,18_3,18_3,3959.0,12
536.0,271.0,601.0,489.0,18_3,18_3,2974.0,12
594.0,207.0,690.0,789.6499999999996,18_3,18_3,4716.0,12
702.0,167.0,841.0,632.75,18_3,18_3,4024.0,12
575.0,160.0,713.0,560.0,18_3,18_3,4611.0,12
593.0,181.0,758.0,572.0,18_3,18_3,4284.0,12
561.0,202.0,621.0,513.0,18_3,18_3,3484.0,12
572.0,220.0,668.0,643.0,18_3,18_3,3750.0,12
590.0,233.5,653.0,546.0,18_3,18_3,2971.0,12
574.0,219.0,624.0,480.09999999999945,18_3,18_3,3491.0,12
587.0,186.0,679.0,454.0,18_3,18_3,4363.0,12
640.0,202.0,759.0,482.0,18_3,18_3,4340.0,12
638.0,273.0,740.0,367.0,18_3,18_3,3580.0,12
757.0,415.0,896.0,803.0,18_3,18_3,4688.0,12
544.0,177.0,705.0,399.0,18_3,18_3,3232.0,12
638.0,251.0,716.0,736.25,18_3,18_3,3466.0,12
535.0,171.0,640.0,469.0,18_3,18_3,4846.0,12
601.0,215.0,680.0,480.0,18_3,18_3,6542.0,12
639.0,276.0,735.0,498.10000000000036,18_3,18_3,3314.0,12
648.0,255.0,751.0,463.0,18_3,18_3,4602.0,12
572.0,211.0,663.0,553.0,18_3,18_3,3491.0,12
551.0,338.0,640.0,884.8499999999995,18_3,18_3,4703.0,12
0.0,0.0,848.0,585.0,18_3,18_3,8396.0,12
640.0,237.0,760.5999999999995,518.0,18_3,18_3,4006.0,12
550.0,199.0,614.0,592.0,18_3,18_3,3647.0,12
599.0,191.0,750.0,598.25,18_3,18_3,4824.0,12
580.0,223.0,661.0,695.0,18_3,18_3,3708.0,12
617.0,176.0,740.0,505.4499999999998,18_3,18_3,3436.0,12
663.0,356.0,758.0,1158.1499999999996,18_3,18_3,3170.0,12
0.0,0.0,764.0500000000002,237.0,18_3,18_3,2662.0,12
0.0,0.0,771.0,405.0,18_3,18_3,5380.0,12
626.0,372.0,705.0,743.0,18_3,18_3,4271.0,12
553.0,201.0,626.0,632.0,18_3,18_3,4154.0,12
661.0,197.0,788.0,659.0,18_3,18_3,5695.0,12
695.0,449.0,949.0,568.0,18_3,18_3,4007.0,12
668.0,240.0,762.0,606.0,18_3,18_3,5606.0,12
563.0,212.0,653.0,600.0,18_3,18_3,6674.0,12
610.0,230.0,739.0,478.85000000000036,18_3,18_3,5446.0,12
600.0,185.0,731.0,453.0,18_3,18_3,4023.0,12
612.0,209.0,679.0,722.0,18_3,18_3,2606.0,12
569.0,154.0,643.0,583.8999999999996,18_3,18_3,4030.0,12
547.0,247.0,655.0,594.0,18_3,18_3,3938.0,12
550.0,160.0,606.0500000000002,381.0,18_3,18_3,3629.0,12
583.0,192.0,673.0,578.0,18_3,18_3,3540.0,12
592.0,255.0,681.0,684.0,18_3,18_3,4920.0,12
439.0,176.5,486.0,462.0,18_1,18_1-03,2951.0,12
501.0,152.0,580.0,230.0,18_1,18_1-03,2343.0,12
451.0,141.0,538.0,307.0499999999993,18_1,18_1-03,3585.0,12
422.0,165.0,487.64999999999964,325.64999999999964,18_1,18_1-03,2650.0,12
0.0,0.0,624.0,421.0,18_1,18_1-03,5815.0,12
483.0,195.5,555.0,622.0,18_1,18_1-03,3792.0,12
520.0,204.0,597.0,585.8499999999999,18_1,18_1-03,2169.0,12
475.0,157.0,573.0,329.0,18_1,18_1-03,3298.0,12
501.0,306.0,579.0,826.0,18_1,18_1-03,3127.0,12
498.0,171.0,576.0,629.8499999999995,18_1,18_1-03,3279.0,12
477.0,199.0,577.0,613.0,18_1,18_1-03,3284.0,12
484.5,207.0,613.0,867.3000000000011,18_1,18_1-03,3307.0,12
458.0,199.0,512.0,573.75,18_1,18_1-07,3703.0,12
430.0,159.0,480.0,205.0,18_1,18_1-07,2565.0,12
463.0,165.0,519.0,527.0,18_1,18_1-07,3364.0,12
465.0,189.0,543.0,520.0,18_1,18_1-07,3704.0,12
595.0,158.0,761.0,348.0,18_1,18_1-07,3065.0,12
496.0,201.0,596.0,619.0,18_1,18_1-07,3269.0,12
0.0,0.0,555.0,370.25,18_1,18_1-07,4866.0,12
407.0,151.0,464.0,377.8000000000002,18_1,18_1-07,3280.0,12
463.0,139.0,545.0,416.0499999999993,18_1,18_1-07,4040.0,12
486.0,238.0,589.0,598.0,18_1,18_1-07,5374.0,12
427.0,155.0,511.0,504.0,18_1,18_1-07,3464.0,12
499.0,200.0,565.0,390.0,18_1,18_1-07,3277.0,12
376.0,145.0,459.64999999999964,392.0,18_1,18_1-13,3312.0,12
405.0,163.0,453.0,437.0,18_1,18_1-13,3341.0,12
465.0,176.0,550.0,483.0,18_1,18_1-13,3923.0,12
716.0,355.0,914.0,795.3499999999999,18_1,18_1-13,2573.0,12
417.0,162.0,482.0,392.34999999999945,18_1,18_1-13,4508.0,12
470.0,272.0,548.0,1113.0,18_1,18_1-13,3518.0,12
430.0,157.0,522.0,422.0,18_1,18_1-13,3669.0,12
479.0,185.5,535.0,473.0,18_1,18_1-13,2694.0,12
413.0,139.0,493.0,449.0,18_1,18_1-13,3603.0,12
395.0,151.0,453.0,465.0,18_1,18_1-13,3156.0,12
427.0,183.0,493.0,468.0,18_1,18_1-13,3645.0,12
457.0,194.0,522.0,252.0,18_1,18_1-13,3098.0,12
582.0,170.0,725.0,853.3499999999995,18_3,18_3-02,4821.0,12
557.0,206.0,623.0,546.0,18_3,18_3-02,2760.0,12
568.0,247.0,643.0,650.1499999999996,18_3,18_3-02,3413.0,12
636.0,329.0,776.0,577.0,18_3,18_3-02,3765.0,12
556.0,173.0,660.0999999999995,389.29999999999836,18_3,18_3-02,3057.0,12
571.0,171.0,668.0,472.0,18_3,18_3-02,4524.0,12
535.0,149.0,618.0,551.0,18_3,18_3-02,4286.0,12
674.0,269.0,782.0,376.0,18_3,18_3-02,2881.0,12
576.0,171.0,670.0,441.0500000000002,18_3,18_3-02,3543.0,12
615.0,281.0,710.0,780.6999999999998,18_3,18_3-02,5193.0,12
708.0,252.0,943.0,528.0,18_3,18_3-02,5732.0,12
533.0,181.0,604.0,423.0,18_3,18_3-02,3021.0,12
0.0,0.0,633.0,593.0,18_3,18_3-02,7471.0,12
553.0,164.0,646.6499999999996,423.64999999999964,18_3,18_3-02,4876.0,12
531.5,158.0,630.0,346.0,10_2,10_2-06,3120.0,26
415.5,132.0,512.0,418.0,10_2,10_2-06,3819.0,26
575.0,209.0,685.0,280.0,10_2,10_2-06,3442.0,26
523.0,146.0,648.5500000000002,354.5500000000002,10_2,10_2-06,3163.0,26
460.0,135.0,534.0,321.0,10_2,10_2-06,2532.0,26
450.0,141.0,500.5499999999997,421.0,10_2,10_2-06,2513.0,26
513.0,123.0,660.0,148.0,10_2,10_2-06,2570.0,26
397.0,112.0,465.0,352.0,10_2,10_2-06,3872.0,26
474.0,134.0,555.0,561.0,10_2,10_2-07,3102.0,26
476.0,155.0,559.0,815.6999999999989,10_2,10_2-07,3070.0,26
529.0,112.0,732.0,246.89999999999964,10_2,10_2-07,2710.0,26
469.0,126.0,557.5499999999997,326.0,10_2,10_2-07,2816.0,26
473.0,130.0,546.0,664.0,10_2,10_2-07,2703.0,26
449.0,118.0,502.0,282.0,10_2,10_2-07,3046.0,26
427.0,125.0,477.0,542.0,10_2,10_2-07,2950.0,26
448.0,123.5,508.0,288.0,10_2,10_2-07,3380.0,26
415.0,112.0,503.0,229.55000000000018,10_2,10_2-07,3864.0,26
652.5,177.0,1219.0499999999997,547.0499999999997,18_3,18_3-03,1924.0,12
525.0,184.0,579.0,419.0,18_3,18_3-03,2397.0,12
568.0,277.0,632.0,895.25,18_3,18_3-03,5129.0,12
471.0,162.0,556.0,515.0,18_3,18_3-03,4129.0,12
475.0,137.0,558.0,416.0,18_3,18_3-03,3766.0,12
547.0,211.0,633.0,511.0,18_3,18_3-03,2997.0,12
543.0,214.0,613.0,602.1499999999996,18_3,18_3-03,3608.0,12
515.0,194.0,581.0,439.0,18_3,18_3-03,3909.0,12
563.0,234.0,676.8499999999995,443.84999999999945,18_3,18_3-03,3145.0,12
537.0,142.0,623.0,391.0,18_3,18_3-03,3547.0,12
551.0,189.0,656.0,530.1499999999996,18_3,18_3-03,2808.0,12
0.0,0.0,574.0,513.0,18_3,18_3-03,3983.0,12
669.0,245.5,1086.0,439.0,18_3,18_3-03,2481.0,12
581.0,176.0,844.0,540.1499999999996,18_3,18_3-03,2602.0,12
560.0,154.0,760.1499999999996,494.14999999999964,18_3,18_3-03,3555.0,12
497.0,185.0,597.0,623.0,18_3,18_3-03,4404.0,12
550.0,250.0,714.0,300.0,18_3,18_3-03,3614.0,12
552.0,233.0,679.0,359.0,18_3,18_3-03,7934.0,12
412.0,147.0,474.0,472.0,18_1,18_1-12,3142.0,12
419.0,150.0,542.5500000000002,413.0,18_1,18_1-12,2725.0,12
482.0,208.0,540.0,707.0,18_1,18_1-12,3302.0,12
481.0,195.0,609.0,413.0,18_1,18_1-12,4243.0,12
430.0,142.0,484.0,295.25,18_1,18_1-12,3855.0,12
476.0,247.0,555.3999999999996,774.3999999999996,18_1,18_1-12,3396.0,12
440.0,154.0,525.0,320.0,18_1,18_1-12,2014.0,12
0.0,0.0,537.0,496.84999999999854,18_1,18_1-12,4764.0,12
419.5,140.0,492.0,355.25,18_1,18_1-12,2656.0,12
421.0,161.0,495.0,508.39999999999964,18_1,18_1-12,3471.0,12
388.0,132.0,470.0,387.7999999999993,18_1,18_1-12,4461.0,12
403.0,148.0,457.0,353.0500000000002,18_1,18_1-06,3132.0,12
379.0,173.0,439.0,469.0,18_1,18_1-06,2341.0,12
461.0,157.0,539.0,454.0,18_1,18_1-06,2456.0,12
587.0,179.0,694.0,639.8499999999995,17_3,17_3-08,4322.0,14
535.0,136.0,624.0,441.0,17_3,17_3-08,3727.0,14
514.0,172.0,613.0,505.4499999999998,17_3,17_3-08,3580.0,14
414.0,136.0,472.0,159.0,18_1,18_1-10,3380.0,12
457.0,180.0,532.0,636.0,18_1,18_1-10,3684.0,12
460.0,152.0,533.0,441.75,18_1,18_1-10,3352.0,12
482.0,124.0,594.0,138.0,18_1,18_1-10,2297.0,12
476.0,207.0,624.0,263.0,18_1,18_1-10,2863.0,12
518.0,225.0,608.0,794.6999999999989,18_1,18_1-10,3252.0,12
0.0,0.0,504.0,402.7000000000007,18_1,18_1-10,5251.0,12
458.0,201.0,530.0,573.0,18_1,18_1-10,3802.0,12
490.0,163.0,594.0,538.8499999999995,18_1,18_1-10,3505.0,12
509.0,154.0,644.0,594.2999999999993,18_1,18_1-10,4729.0,12
435.0,153.0,518.0,633.6499999999996,18_1,18_1-10,3529.0,12
460.0,183.0,562.0,548.0,18_1,18_1-10,4436.0,12
506.0,234.0,594.0,733.0,18_1,18_1-10,8123.0,12
508.0,257.0,582.0,322.0,18_1,18_1-10,3401.0,12
426.0,149.0,574.0,505.0,18_1,18_1-10,3282.0,12
0.0,0.0,540.0,467.5499999999993,18_1,18_1-10,6447.0,12
481.0,251.0,608.0,978.0,18_1,18_1-10,5281.0,12
470.0,276.0,550.0,878.75,18_1,18_1-10,5375.0,12
0.0,0.0,524.0,636.0,18_1,18_1-10,6455.0,12
473.0,166.0,541.0,459.0,18_1,18_1-04,4821.0,12
470.0,184.0,537.0,571.0,18_1,18_1-04,3699.0,12
440.0,256.0,504.0,739.5500000000002,18_1,18_1-04,3555.0,12
482.0,133.0,588.0,428.0,18_1,18_1-04,3290.0,12
504.0,241.0,613.0,649.0,18_1,18_1-04,2323.0,12
434.0,136.0,495.0,180.0,18_1,18_1-04,2811.0,12
481.0,270.0,556.0,695.0,18_1,18_1-04,4730.0,12
450.0,230.0,502.0,621.0,18_1,18_1-04,3096.0,12
509.5,194.0,592.0,526.0,18_1,18_1-04,2548.0,12
437.0,159.0,516.0,703.25,18_1,18_1-04,2609.0,12
477.0,156.0,548.0,364.4499999999998,18_1,18_1-04,3339.0,12
436.0,139.0,499.0,471.84999999999945,18_1,18_1-04,3741.0,12
454.0,153.0,522.0,404.4499999999998,18_1,18_1-04,3211.0,12
464.0,225.0,527.0,572.0500000000002,18_1,18_1-04,3408.0,12
615.0,277.0,781.75,1050.75,18_1,18_1-04,2899.0,12
0.0,0.0,497.0,400.85000000000036,18_1,18_1-04,4035.0,12
665.0,186.0,969.6999999999998,231.0,18_1,18_1-04,2878.0,12
439.0,167.0,528.0,464.0,18_1,18_1-04,2832.0,12
493.0,186.0,573.0,383.0499999999997,18_1,18_1-04,2281.0,12
457.0,168.0,538.0,520.6499999999996,18_1,18_1-04,4495.0,12
562.0,149.0,691.0,467.0,10_2,10_2-05,4068.0,26
458.0,117.0,524.0,282.0,10_2,10_2-05,2966.0,26
473.0,133.0,526.0,448.0,10_2,10_2-05,2673.0,26
520.0,131.0,630.0,339.0,10_2,10_2-05,3275.0,26
522.0,169.0,696.0,725.25,10_2,10_2-05,3253.0,26
521.0,149.0,591.0,648.0500000000002,10_2,10_2-05,3236.0,26
509.0,133.0,599.0,385.1999999999998,10_2,10_2-05,3513.0,26
548.0,199.0,675.9499999999998,318.9499999999998,10_2,10_2-05,3982.0,26
495.0,127.0,569.0,407.89999999999964,10_2,10_2-05,2599.0,26
432.0,119.0,511.0,344.0,10_2,10_2-05,2667.0,26
466.0,133.0,544.4499999999998,309.4499999999998,10_2,10_2-05,3229.0,26
468.0,119.0,553.0,349.84999999999945,10_2,10_2-05,3367.0,26
448.0,125.0,554.0,442.0,10_2,10_2-05,3409.0,26
472.0,142.0,537.0,338.0,10_2,10_2-05,2818.0,26
473.0,140.0,619.0,493.0,10_2,10_2-05,3933.0,26
472.0,130.0,527.0,406.0,10_2,10_2-05,3700.0,26
443.0,125.0,505.0,317.0,10_2,10_2-05,2393.0,26
441.0,122.0,501.0,298.39999999999964,10_2,10_2-05,2890.0,26
463.0,121.0,534.0,426.0,10_2,10_2-05,2937.0,26
417.0,121.0,465.0,269.0,10_2,10_2-05,2694.0,26
450.0,119.0,540.0,304.0,10_2,10_2-05,3021.0,26
476.0,128.0,556.0,690.0,10_2,10_2-04,3568.0,26
448.0,122.0,513.0,397.0,10_2,10_2-04,2700.0,26
611.5,229.0,906.5499999999997,310.0,10_2,10_2-04,2033.0,26
472.0,122.0,532.0,313.0,10_2,10_2-04,2519.0,26
442.0,118.0,497.0,377.0,10_2,10_2-04,2991.0,26
465.0,179.0,609.0,513.9499999999989,18_1,18_1-05,8733.0,12
557.0,135.0,785.0,381.75,18_1,18_1-05,4864.0,12
387.0,134.5,485.0,433.0,18_1,18_1-05,5001.0,12
466.0,162.0,546.25,471.25,18_1,18_1-05,4279.0,12
442.0,130.0,521.0,199.0,18_1,18_1-05,2663.0,12
491.0,199.0,605.0,329.0,18_1,18_1-05,3875.0,12
442.0,127.0,523.0,212.0999999999999,18_1,18_1-05,2649.0,12
391.0,145.0,497.0,418.9499999999998,18_1,18_1-11,3967.0,12
0.0,0.0,524.0,416.0,18_1,18_1-11,4233.0,12
541.0,379.0,652.0499999999993,639.0,18_1,18_1-11,6233.0,12
421.0,171.0,499.0,503.5500000000002,18_1,18_1-11,3585.0,12
391.0,134.0,491.0,464.3000000000002,18_1,18_1-11,3479.0,12
503.0,189.0,595.0,509.84999999999945,18_1,18_1-11,3116.0,12
500.0,194.0,604.0,515.3499999999995,18_1,18_1-11,3277.0,12
473.5,177.0,623.0,493.75,18_1,18_1-11,4968.0,12
432.0,156.0,524.0,518.8499999999999,18_1,18_1-11,2797.0,12
416.0,163.0,477.0,474.39999999999964,18_1,18_1-11,4001.0,12
431.0,160.0,501.0,476.8499999999999,18_1,18_1-11,2949.0,12
438.0,198.0,529.0,654.0,18_1,18_1-11,5195.0,12
385.0,223.0,461.0,743.0,18_1,18_1-11,4161.0,12
447.0,160.0,523.0,356.0,18_1,18_1-11,2988.0,12
416.0,425.0,471.0,751.0,18_1,18_1-11,3655.0,12
399.0,248.0,456.0,634.0,18_1,18_1-11,4838.0,12
442.0,157.0,519.0,273.9499999999998,18_1,18_1-11,3229.0,12
439.0,171.0,499.0,546.1499999999996,18_1,18_1-11,3274.0,12
0.0,0.0,461.0,346.75,18_1,18_1-11,8088.0,12
424.0,170.0,498.0,578.0999999999995,18_1,18_1-11,4120.0,12
464.0,162.0,609.0,399.84999999999945,18_1,18_1-11,3419.0,12
474.0,155.0,525.0,698.1499999999996,17_3,17_3-09,2560.0,14
497.0,173.0,549.0,211.0,17_3,17_3-09,3193.0,14
486.0,207.0,552.0,535.0,17_3,17_3-09,4868.0,14
0.0,0.0,754.0,186.0,17_3,17_3-09,2972.0,14
510.0,147.0,575.0,414.0,17_3,17_3-09,3021.0,14
573.0,183.0,638.0,336.0,17_3,17_3-09,3212.0,14
545.0,147.0,609.0,407.25,17_3,17_3-09,4191.0,14
531.0,127.0,608.6499999999996,386.0,17_3,17_3-09,3227.0,14
579.0,189.0,693.0,1027.0,17_3,17_3-09,4413.0,14
499.0,162.0,576.0,429.0,17_3,17_3-09,2443.0,14
484.0,142.0,561.0,455.0,17_3,17_3-09,4323.0,14
591.0,452.0,789.0,785.0,17_2,17_2-06,4842.0,14
555.0,365.0,650.0,563.5499999999993,17_2,17_2-06,4257.0,14
433.0,121.0,501.0,272.4499999999998,17_2,17_2-06,3429.0,14
486.0,138.0,644.0,295.89999999999964,17_2,17_2-06,3260.0,14
493.0,285.0,679.0,678.0,17_2,17_2-06,5136.0,14
496.0,151.0,579.8499999999999,284.0,17_2,17_2-06,2528.0,14
599.0,153.0,717.0,238.0,17_2,17_2-06,4074.0,14
482.0,129.0,591.0,322.0,17_2,17_2-06,3646.0,14
509.0,141.0,617.0,371.0,17_2,17_2-06,3067.0,14
504.0,164.0,589.0,469.0,17_2,17_2-06,3082.0,14
0.0,0.0,524.0,303.0,17_2,17_2-06,7094.0,14
458.0,185.0,522.0,776.0,17_2,17_2-06,4546.0,14
489.0,168.5,581.0,790.8999999999978,17_2,17_2-06,5901.0,14
487.0,191.0,568.0,538.25,17_2,17_2-06,3269.0,14
0.0,0.0,576.0,328.5499999999993,17_2,17_2-06,4774.0,14
530.0,182.0,614.0,515.6499999999996,17_2,17_2-06,3292.0,14
449.0,145.0,512.0,598.1000000000004,17_2,17_2-06,3352.0,14
573.0,153.0,671.0,487.0,17_2,17_2-06,4043.0,14
517.0,194.0,588.0,594.0,17_2,17_2-06,3499.0,14
484.0,188.0,543.0,286.0,17_2,17_2-06,4182.0,14
855.5,1021.0,1224.0,1445.0,17_2,17_2-06,3193.0,14
455.0,117.0,541.0,347.0,17_2,17_2-06,3776.0,14
0.0,0.0,573.0,161.0,17_2,17_2-06,6647.0,14
506.0,131.0,606.0,149.0,17_2,17_2-06,4101.0,14
464.5,134.0,535.0,381.0,17_2,17_2-06,2623.0,14
494.0,148.0,610.0,488.0,17_2,17_2-06,3908.0,14
489.0,229.0,570.0,670.0,17_2,17_2-06,3863.0,14
525.0,151.0,601.8499999999995,562.0,17_2,17_2-07,2977.0,14
598.0,130.0,726.0,366.89999999999964,17_2,17_2-07,3020.0,14
638.0,300.0,727.0,347.0,17_2,17_2-07,3727.0,14
544.0,134.0,636.0,395.0,17_2,17_2-07,3408.0,14
498.0,135.0,569.0,432.0,17_2,17_2-07,4885.0,14
563.0,182.0,703.4499999999998,520.4499999999998,17_2,17_2-07,3427.0,14
570.0,168.0,646.4499999999998,402.4499999999998,17_2,17_2-07,2379.0,14
545.0,172.0,624.0,462.0,17_2,17_2-07,4873.0,14
521.0,122.0,607.0,332.89999999999964,17_2,17_2-07,3227.0,14
536.5,140.0,676.0,288.0,17_2,17_2-07,4893.0,14
617.0,148.0,783.1499999999996,365.0,17_2,17_2-07,4406.0,14
501.0,123.0,571.0,312.0,17_2,17_2-07,3618.0,14
521.0,147.0,580.0,391.0,17_2,17_2-07,3558.0,14
526.0,137.0,614.0,368.0,17_2,17_2-07,3619.0,14
524.0,194.0,598.0,284.0,17_2,17_2-07,2656.0,14
552.0,151.0,645.0,425.84999999999945,17_2,17_2-07,4615.0,14
568.0,289.0,636.0,340.0,17_2,17_2-07,4113.0,14
618.0,249.0,688.0,1136.6499999999996,17_2,17_2-07,5591.0,14
538.0,144.0,616.0,351.3000000000002,17_2,17_2-07,4099.0,14
529.0,160.0,602.0,404.0,17_2,17_2-07,3833.0,14
551.0,187.0,614.0,425.0,17_2,17_2-07,3286.0,14
557.0,165.0,647.0,509.0,17_2,17_2-07,3771.0,14
527.0,178.0,595.0,558.1000000000004,17_2,17_2-07,3905.0,14
509.0,132.0,561.0,338.0,17_2,17_2-07,2816.0,14
539.0,178.0,624.0,634.0,17_2,17_2-07,9476.0,14
0.0,0.0,593.0,281.0,17_2,17_2-07,6759.0,14
519.0,147.0,588.0,414.4499999999998,17_2,17_2-07,2546.0,14
561.0,151.0,629.0,399.0,17_2,17_2-07,3785.0,14
530.0,130.0,654.0,397.0,17_2,17_2-07,4853.0,14
784.0,150.0,980.0,355.0,17_2,17_2-07,5859.0,14
485.0,131.0,554.0,419.0,17_2,17_2-07,5240.0,14
566.0,263.0,635.0,449.14999999999964,17_2,17_2-07,5549.0,14
624.0,253.0,885.0,367.7999999999993,17_2,17_2-07,3644.0,14
476.5,129.0,592.0,440.0,17_2,17_2-07,5688.0,14
525.0,144.0,606.0,389.25,17_2,17_2-07,8821.0,14
0.0,0.0,674.0,657.0,17_2,17_2-07,6891.0,14
575.0,182.0,656.0,476.0,17_2,17_2-07,6624.0,14
551.0,192.0,677.0,491.0,17_2,17_2-07,5182.0,14
495.0,675.0,652.0,1008.0,17_2,17_2-05,1908.0,14
515.0,146.0,588.0,375.0,17_2,17_2-05,2866.0,14
497.0,133.0,575.0,500.0,17_2,17_2-05,3920.0,14
455.0,161.0,510.0,515.5500000000002,17_2,17_2-05,3947.0,14
1181.0,900.0,1569.0,1411.0,17_2,17_2-05,5815.0,14
543.0,142.0,650.0,542.0,17_2,17_2-05,4710.0,14
512.0,143.0,648.0,310.0,17_2,17_2-05,4161.0,14
0.0,0.0,722.0,500.0,17_2,17_2-05,5704.0,14
506.0,155.0,577.0,487.64999999999964,17_2,17_2-05,3069.0,14
484.0,161.0,592.0,433.0,17_2,17_2-05,2999.0,14
543.0,171.0,609.0,441.0499999999997,17_2,17_2-05,2420.0,14
679.5,703.0,806.0,1678.7499999999986,17_2,17_2-05,2276.0,14
552.0,160.0,662.0,207.0,17_2,17_2-05,3205.0,14
524.0,163.0,589.0,497.64999999999964,17_2,17_2-05,2251.0,14
603.0,382.0,685.0,756.0,17_2,17_2-05,6018.0,14
531.0,311.0,632.0,839.0,17_2,17_2-05,3906.0,14
612.0,365.0,773.25,1194.25,17_2,17_2-05,3833.0,14
820.0,411.0,1041.0,520.6499999999996,17_2,17_2-05,3033.0,14
604.0,144.0,757.0,254.34999999999945,17_2,17_2-05,3157.0,14
0.0,0.0,544.0,237.04999999999927,17_2,17_2-05,4627.0,14
416.0,158.0,558.0,791.0499999999993,17_2,17_2-05,4869.0,14
558.0,315.0,668.0,701.6499999999996,17_2,17_2-05,3301.0,14
467.0,164.0,548.0,205.0,17_2,17_2-05,4168.0,14
439.0,127.0,510.0,305.0,17_2,17_2-05,3227.0,14
389.0,110.0,444.0,154.0,17_2,17_2-05,2762.0,14
426.0,151.0,506.0,282.0,17_2,17_2-04,3676.0,14
514.0,181.0,582.0,473.0,17_2,17_2-04,2410.0,14
449.0,145.0,518.0,418.0,17_2,17_2-04,2826.0,14
541.0,178.0,655.0,535.0,17_2,17_2-04,3584.0,14
588.0,181.0,687.0,525.0,17_2,17_2-04,5565.0,14
561.0,179.0,643.0,211.0,17_2,17_2-04,3236.0,14
842.0,1296.0,1204.8499999999995,1998.699999999999,17_2,17_2-04,3722.0,14
559.0,839.0,751.9499999999998,1040.0,17_2,17_2-04,2508.0,14
555.0,186.0,619.0,429.0,17_2,17_2-04,2987.0,14
716.0,338.0,921.0,418.0,17_2,17_2-04,4061.0,14
452.0,142.0,527.0,314.0,17_2,17_2-04,4284.0,14
495.0,183.0,544.0,464.0,17_2,17_2-04,4155.0,14
383.0,173.0,455.0500000000002,525.0,18_2,18_2-09,3118.0,12
412.0,176.0,464.0,366.0,18_2,18_2-09,4674.0,12
402.0,159.0,475.0,233.0,18_2,18_2-09,5258.0,12
406.0,260.0,454.0,541.0,18_2,18_2-09,3008.0,12
433.0,354.0,487.0,804.0,18_2,18_2-09,2624.0,12
509.0,237.0,581.0,600.0,18_2,18_2-09,3143.0,12
450.0,173.0,575.0,532.0,18_2,18_2-09,3717.0,12
497.0,215.0,555.0,347.84999999999945,18_2,18_2-09,3741.0,12
373.0,144.0,432.0,373.0,18_2,18_2-09,4271.0,12
359.0,159.0,406.0,452.14999999999964,18_2,18_2-09,3923.0,12
395.0,107.0,455.0,316.5500000000002,10_1,10_1-08,2860.0,26
485.0,157.0,565.0,446.8000000000002,10_1,10_1-08,3133.0,26
426.0,122.0,490.0,313.0,10_1,10_1-08,2477.0,26
406.0,114.0,454.0,272.39999999999964,10_1,10_1-09,3615.0,26
427.0,109.0,478.0,220.0,10_1,10_1-09,2903.0,26
469.0,128.0,534.0,357.89999999999964,10_1,10_1-09,2999.0,26
458.0,128.0,525.0,314.0,10_1,10_1-09,2602.0,26
404.0,124.0,451.8499999999999,441.8499999999999,10_1,10_1-09,2307.0,26
363.0,156.0,409.0500000000002,413.0,18_2,18_2-08,3449.0,12
410.0,223.0,493.0,519.7999999999997,18_2,18_2-08,2533.0,12
471.0,228.0,694.6000000000004,284.0,18_2,18_2-08,3069.0,12
533.0,162.0,606.0,425.6999999999998,17_2,17_2-03,5617.0,14
533.0,147.0,605.0,434.14999999999964,17_2,17_2-03,3240.0,14
516.0,138.0,596.0,312.0,17_2,17_2-03,5024.0,14
532.0,173.0,621.0,243.69999999999982,17_2,17_2-03,3441.0,14
546.0,128.0,661.5999999999995,379.0,17_2,17_2-03,4261.0,14
508.0,139.0,577.0,382.0500000000002,17_2,17_2-03,3597.0,14
569.0,153.0,648.0,417.0,17_2,17_2-03,3602.0,14
538.0,126.0,625.0,419.0,17_2,17_2-03,3773.0,14
524.0,137.0,628.0,541.0,17_2,17_2-03,4109.0,14
486.0,151.0,552.0,511.0500000000002,17_2,17_2-03,3074.0,14
589.0,169.0,665.0,301.0,17_2,17_2-03,2774.0,14
588.0,148.0,684.1499999999996,288.2999999999993,17_2,17_2-03,4357.0,14
610.0,212.0,684.0,596.0,17_2,17_2-03,3797.0,14
534.0,149.0,595.0,367.0,17_2,17_2-03,3528.0,14
561.5,219.0,649.0,256.0,17_2,17_2-03,3210.0,14
600.5,165.0,782.25,455.25,17_2,17_2-03,3254.0,14
497.0,142.0,553.0,387.89999999999964,17_2,17_2-03,3589.0,14
0.0,0.0,576.0,422.0,17_2,17_2-03,5541.0,14
507.0,124.0,581.0,274.0,17_2,17_2-03,3842.0,14
589.0,147.0,736.0,166.0,17_2,17_2-03,2458.0,14
629.0,187.0,802.0,583.0,17_2,17_2-03,3774.0,14
538.0,151.0,665.25,456.0,17_2,17_2-03,3733.0,14
516.0,144.0,599.0,272.0,17_2,17_2-03,3981.0,14
540.0,142.0,623.0,322.0,17_2,17_2-03,2924.0,14
606.0,154.0,738.0,451.0,17_2,17_2-03,4040.0,14
533.0,154.0,602.0,450.0,17_2,17_2-03,4032.0,14
527.0,136.0,642.5500000000002,382.10000000000036,17_2,17_2-03,3527.0,14
569.0,167.0,636.0,441.0,17_2,17_2-03,3063.0,14
486.0,135.0,555.0,322.0,17_2,17_2-03,3593.0,14
522.0,179.0,627.0,590.0,17_2,17_2-03,3836.0,14
529.0,179.0,605.0,405.0,17_2,17_2-03,4498.0,14
494.0,120.0,575.0,279.0,17_2,17_2-03,4079.0,14
394.0,112.0,442.0,131.0,17_2,17_2-03,4158.0,14
484.0,129.0,563.0,374.0,17_2,17_2-02,3285.0,14
477.5,123.0,570.0,406.34999999999945,17_2,17_2-02,3642.0,14
552.0,130.0,644.0,248.0,17_2,17_2-02,3808.0,14
497.0,105.0,573.0,118.0,17_2,17_2-02,2800.0,14
526.0,135.0,622.0,365.0,17_2,17_2-02,3285.0,14
537.5,134.0,618.0,407.9499999999998,17_2,17_2-02,3769.0,14
520.0,142.0,635.0,325.0,17_2,17_2-02,3155.0,14
514.0,146.0,635.0,483.0,17_2,17_2-02,4851.0,14
570.0,180.0,662.0,492.0,17_2,17_2-02,4286.0,14
531.0,171.0,622.0,465.0,17_2,17_2-02,4871.0,14
486.0,188.0,585.0,462.85000000000036,17_2,17_2-02,6730.0,14
491.0,96.0,581.0499999999993,124.0,17_2,17_2-02,4640.0,14
526.0,134.0,608.0,289.0,17_2,17_2-02,3116.0,14
517.0,122.0,646.0,319.0,17_2,17_2-02,4498.0,14
758.0,201.0,1256.0500000000002,745.0,17_2,17_2-02,3275.0,14
659.0,119.0,1263.0,712.2999999999993,17_2,17_2-02,4623.0,14
516.0,109.0,603.0,200.0,17_2,17_2-02,3190.0,14
517.0,207.0,597.0,632.7999999999993,17_2,17_2-02,6705.0,14
565.0,145.0,701.5500000000002,482.0,17_2,17_2-02,4036.0,14
530.0,197.0,591.0,573.0,17_2,17_2-02,4191.0,14
561.0,160.0,641.0,353.0,17_2,17_2-02,4021.0,14
501.0,107.0,571.0,336.4499999999998,17_2,17_2-02,4529.0,14
756.0,269.0,970.0,362.0,17_2,17_2-02,5249.0,14
807.0,280.0,1067.0,515.0,17_2,17_2-02,4064.0,14
657.0,263.0,747.0,718.1999999999998,17_2,17_2-02,3568.0,14
444.0,139.0,504.0,518.0999999999995,17_2,17_2-02,4451.0,14
622.0,175.0,754.0,425.0,17_2,17_2-02,4264.0,14
555.0,164.0,678.0,420.0,17_2,17_2-02,5280.0,14
462.0,97.0,581.25,159.0,17_2,17_2-02,5197.0,14
699.0,170.0,831.0,203.0,17_2,17_2-02,3663.0,14
0.0,0.0,643.0,318.0,17_2,17_2-02,5647.0,14
562.0,151.5,846.0,584.0999999999995,17_2,17_2-02,2362.0,14
514.0,137.0,639.0,428.0,17_2,17_2-02,2875.0,14
476.0,106.0,585.0,397.0,17_2,17_2-02,5312.0,14
482.0,137.0,557.0,337.0,17_2,17_2-02,4717.0,14
