A,C,D,E,F,G,H,I,K,L,M,N,P,Q,R,S,T,V,W,Y,ldlen
3.0,0.0,1.0,3.0,1.0,3.0,1.0,0.0,2.0,0.0,0.0,4.0,52,2.0,1.0,73,25.0,0.0,0.0,25.0,196
0.0,0.0,3.0,3.0,1.0,6.0,0.0,0.0,5.0,0.0,0.0,2.0,49,0.0,0.0,71,27.0,1.0,0.0,24.0,192
2.0,0.0,1.0,5.0,1.0,3.0,0.0,0.0,4.0,0.0,0.0,4.0,48,1.0,0.0,69,23.0,1.0,0.0,23.0,185
3.0,0.0,8.0,0.0,1.0,1.0,0.0,0.0,1.0,0.0,0.0,6.0,47,1.0,2.0,71,23.0,0.0,0.0,23.0,187
0.0,0.0,1.0,4.0,1.0,3.0,0.0,0.0,3.0,0.0,0.0,3.0,57,2.0,0.0,80,24.0,1.0,0.0,26.0,205
1.0,0.0,3.0,2.0,3.0,5.0,1.0,0.0,2.0,0.0,0.0,4.0,54,2.0,1.0,78,26.0,1.0,0.0,25.0,208
1.0,0.0,3.0,2.0,3.0,5.0,1.0,0.0,2.0,0.0,0.0,4.0,56,2.0,1.0,81,27.0,1.0,0.0,26.0,215
1.0,0.0,3.0,2.0,3.0,5.0,1.0,0.0,2.0,0.0,0.0,4.0,52,2.0,1.0,75,25.0,1.0,0.0,24.0,201
3.0,0.0,3.0,5.0,1.0,3.0,0.0,0.0,5.0,0.0,0.0,2.0,51,1.0,0.0,73,25.0,0.0,0.0,25.0,197
2.0,0.0,4.0,0.0,1.0,3.0,0.0,1.0,1.0,0.0,0.0,6.0,55,1.0,0.0,82,25.0,1.0,0.0,26.0,208
3.0,0.0,4.0,2.0,0.0,2.0,0.0,0.0,5.0,0.0,0.0,2.0,55,1.0,1.0,82,27.0,2.0,0.0,28.0,214
1.0,0.0,0.0,4.0,0.0,1.0,0.0,0.0,3.0,0.0,0.0,0.0,48,2.0,0.0,67,22.0,0.0,0.0,23.0,171
2.0,0.0,3.0,3.0,1.0,11.0,2.0,1.0,5.0,2.0,0.0,1.0,68,2.0,0.0,100,35.0,1.0,0.0,34.0,271
0.0,0.0,0.0,3.0,0.0,2.0,0.0,0.0,3.0,0.0,0.0,1.0,55,2.0,0.0,77,27.0,0.0,0.0,27.0,197
0.0,0.0,1.0,1.0,0.0,0.0,0.0,0.0,5.0,0.0,0.0,1.0,57,4.0,1.0,79,26.0,0.0,0.0,28.0,203
0.0,0.0,1.0,2.0,0.0,5.0,0.0,0.0,3.0,1.0,0.0,2.0,60,9.0,1.0,79,29.0,0.0,0.0,31.0,223
2.0,0.0,2.0,3.0,2.0,11.0,0.0,0.0,3.0,1.0,0.0,2.0,58,5.0,0.0,83,30.0,1.0,0.0,29.0,232
6.0,0.0,3.0,4.0,1.0,12.0,1.0,1.0,3.0,1.0,0.0,2.0,61,4.0,1.0,83,32.0,2.0,0.0,31.0,248
0.0,0.0,2.0,3.0,0.0,5.0,0.0,0.0,4.0,0.0,0.0,1.0,53,5.0,0.0,76,26.0,0.0,0.0,27.0,202
2.0,0.0,1.0,1.0,1.0,4.0,0.0,1.0,1.0,0.0,0.0,1.0,46,3.0,0.0,64,23.0,0.0,0.0,23.0,171
6.0,0.0,2.0,5.0,2.0,11.0,1.0,1.0,1.0,2.0,1.0,1.0,60,17.0,3.0,71,30.0,0.0,0.0,28.0,242
2.0,0.0,0.0,0.0,0.0,1.0,0.0,0.0,0.0,0.0,0.0,4.0,53,11.0,1.0,68,26.0,0.0,0.0,27.0,193
8.0,0.0,2.0,1.0,3.0,6.0,0.0,0.0,5.0,1.0,1.0,1.0,47,0.0,0.0,77,21.0,0.0,0.0,22.0,195
3.0,0.0,0.0,1.0,6.0,13.0,0.0,0.0,3.0,0.0,0.0,10.0,55,2.0,0.0,85,26.0,1.0,0.0,24.0,229
9.0,0.0,0.0,0.0,2.0,0.0,1.0,2.0,1.0,0.0,0.0,1.0,50,0.0,6.0,58,24.0,0.0,0.0,22.0,176
0.0,0.0,0.0,0.0,0.0,2.0,0.0,0.0,0.0,0.0,1.0,0.0,57,1.0,0.0,88,27.0,0.0,0.0,29.0,205
92.0,16.0,100.0,106.0,52.0,97.0,24.0,90.0,84.0,116.0,41.0,61.0,64,54.0,73.0,90,86.0,99.0,14.0,46.0,1405
10.0,0.0,0.0,0.0,3.0,15.0,0.0,0.0,0.0,3.0,1.0,5.0,68,3.0,1.0,89,36.0,3.0,0.0,32.0,269
7.0,4.0,1.0,3.0,5.0,8.0,0.0,4.0,4.0,7.0,1.0,2.0,50,15.0,2.0,54,23.0,6.0,1.0,25.0,222
2.0,0.0,2.0,0.0,1.0,3.0,1.0,1.0,1.0,1.0,1.0,3.0,61,2.0,1.0,95,30.0,1.0,0.0,31.0,237
12.0,0.0,2.0,0.0,11.0,18.0,1.0,0.0,3.0,0.0,2.0,5.0,57,5.0,6.0,70,30.0,0.0,2.0,18.0,242
15.0,0.0,2.0,0.0,8.0,10.0,2.0,0.0,2.0,0.0,3.0,4.0,49,6.0,6.0,58,17.0,1.0,2.0,15.0,200
11.0,2.0,1.0,0.0,5.0,8.0,1.0,1.0,2.0,2.0,1.0,10.0,36,7.0,7.0,45,14.0,0.0,3.0,11.0,167
10.0,0.0,2.0,0.0,3.0,4.0,2.0,0.0,1.0,2.0,1.0,4.0,37,5.0,7.0,45,19.0,0.0,2.0,12.0,156
7.0,0.0,1.0,0.0,0.0,2.0,2.0,0.0,3.0,0.0,2.0,2.0,17,2.0,1.0,24,5.0,1.0,2.0,6.0,77
14.0,0.0,1.0,1.0,5.0,9.0,2.0,0.0,2.0,2.0,1.0,3.0,47,5.0,8.0,56,19.0,3.0,2.0,18.0,198
12.0,0.0,2.0,0.0,4.0,3.0,1.0,0.0,1.0,2.0,1.0,2.0,38,8.0,8.0,47,15.0,0.0,2.0,12.0,158
10.0,2.0,3.0,0.0,4.0,7.0,1.0,1.0,3.0,3.0,0.0,2.0,38,5.0,7.0,47,16.0,0.0,2.0,12.0,163
17.0,0.0,0.0,1.0,1.0,11.0,0.0,1.0,6.0,0.0,1.0,2.0,44,4.0,1.0,52,13.0,3.0,3.0,18.0,178
10.0,0.0,2.0,0.0,4.0,3.0,0.0,1.0,2.0,2.0,2.0,4.0,39,6.0,7.0,48,15.0,1.0,2.0,13.0,161
6.0,0.0,4.0,1.0,2.0,10.0,1.0,1.0,1.0,2.0,3.0,7.0,72,0.0,3.0,98,32.0,1.0,2.0,34.0,280
30.0,0.0,0.0,0.0,9.0,7.0,1.0,1.0,3.0,2.0,2.0,6.0,42,6.0,6.0,47,14.0,0.0,3.0,9.0,188
11.0,1.0,1.0,1.0,6.0,9.0,1.0,1.0,2.0,3.0,1.0,3.0,48,5.0,8.0,55,19.0,2.0,2.0,16.0,195
15.0,0.0,2.0,0.0,8.0,12.0,3.0,1.0,2.0,3.0,3.0,5.0,47,4.0,7.0,58,19.0,1.0,2.0,15.0,207
13.0,4.0,4.0,3.0,16.0,10.0,11.0,7.0,5.0,19.0,3.0,4.0,50,7.0,14.0,59,23.0,6.0,1.0,13.0,272
13.0,0.0,1.0,1.0,7.0,11.0,1.0,1.0,1.0,3.0,1.0,4.0,50,4.0,8.0,52,21.0,1.0,2.0,16.0,198
3.0,0.0,0.0,0.0,0.0,4.0,0.0,0.0,3.0,0.0,0.0,2.0,57,0.0,0.0,85,27.0,0.0,0.0,30.0,211
7.0,3.0,1.0,4.0,9.0,3.0,9.0,9.0,3.0,16.0,4.0,4.0,36,4.0,11.0,34,15.0,7.0,0.0,12.0,191
10.0,0.0,2.0,0.0,4.0,3.0,1.0,0.0,2.0,2.0,1.0,3.0,38,4.0,7.0,47,16.0,0.0,2.0,12.0,154
12.0,0.0,2.0,0.0,8.0,11.0,2.0,2.0,3.0,11.0,2.0,7.0,49,6.0,7.0,60,21.0,2.0,2.0,19.0,226
7.0,0.0,3.0,1.0,2.0,8.0,0.0,1.0,3.0,1.0,2.0,4.0,65,2.0,1.0,98,28.0,1.0,2.0,31.0,260
12.0,0.0,3.0,0.0,4.0,5.0,1.0,1.0,3.0,2.0,0.0,3.0,36,5.0,7.0,45,15.0,0.0,2.0,12.0,156
14.0,0.0,2.0,1.0,3.0,13.0,5.0,1.0,7.0,0.0,7.0,3.0,60,10.0,11.0,66,28.0,1.0,4.0,26.0,262
11.0,0.0,0.0,0.0,2.0,4.0,0.0,0.0,2.0,1.0,2.0,7.0,34,7.0,5.0,38,19.0,2.0,3.0,12.0,149
27.0,0.0,2.0,0.0,17.0,32.0,0.0,1.0,3.0,1.0,1.0,6.0,49,9.0,8.0,56,12.0,1.0,2.0,11.0,238
12.0,0.0,2.0,0.0,4.0,4.0,3.0,0.0,3.0,2.0,2.0,4.0,38,5.0,7.0,46,13.0,1.0,1.0,13.0,160
14.0,0.0,2.0,2.0,9.0,20.0,0.0,2.0,0.0,1.0,4.0,5.0,52,5.0,5.0,56,22.0,0.0,1.0,16.0,216
11.0,0.0,1.0,1.0,7.0,25.0,1.0,4.0,2.0,3.0,3.0,5.0,52,4.0,3.0,60,27.0,2.0,1.0,17.0,229
32.0,0.0,1.0,1.0,15.0,33.0,1.0,1.0,3.0,2.0,0.0,4.0,53,6.0,6.0,60,16.0,2.0,2.0,13.0,251
14.0,0.0,0.0,0.0,0.0,8.0,0.0,1.0,3.0,0.0,3.0,1.0,37,10.0,8.0,41,20.0,0.0,1.0,16.0,163
13.0,0.0,0.0,0.0,1.0,19.0,2.0,1.0,3.0,1.0,2.0,4.0,52,6.0,3.0,62,21.0,1.0,0.0,22.0,213
11.0,0.0,1.0,1.0,4.0,5.0,2.0,0.0,2.0,2.0,1.0,3.0,35,6.0,6.0,41,13.0,0.0,2.0,11.0,146
9.0,0.0,1.0,0.0,4.0,6.0,1.0,0.0,3.0,2.0,0.0,3.0,37,7.0,6.0,46,14.0,1.0,2.0,11.0,153
10.0,1.0,0.0,1.0,5.0,6.0,3.0,0.0,3.0,0.0,2.0,6.0,36,3.0,7.0,32,15.0,2.0,2.0,10.0,144
9.0,0.0,2.0,0.0,0.0,12.0,0.0,0.0,2.0,2.0,1.0,5.0,82,4.0,1.0,113,33.0,2.0,0.0,42.0,310
8.0,0.0,3.0,0.0,0.0,6.0,1.0,0.0,3.0,1.0,1.0,3.0,69,3.0,2.0,96,33.0,1.0,0.0,35.0,265
7.0,0.0,4.0,1.0,1.0,8.0,1.0,0.0,2.0,1.0,1.0,6.0,76,3.0,2.0,103,37.0,1.0,0.0,38.0,292
7.0,0.0,4.0,0.0,1.0,12.0,0.0,0.0,2.0,2.0,0.0,2.0,77,6.0,1.0,108,35.0,0.0,0.0,39.0,296
8.0,0.0,7.0,0.0,7.0,13.0,2.0,0.0,2.0,3.0,3.0,6.0,43,1.0,4.0,48,21.0,1.0,1.0,10.0,180
9.0,0.0,4.0,1.0,1.0,7.0,1.0,0.0,2.0,1.0,1.0,6.0,74,3.0,2.0,98,38.0,1.0,0.0,37.0,286
9.0,0.0,7.0,0.0,0.0,11.0,0.0,0.0,5.0,2.0,0.0,4.0,81,4.0,5.0,116,34.0,2.0,0.0,42.0,322
8.0,0.0,4.0,0.0,1.0,8.0,1.0,0.0,3.0,1.0,1.0,5.0,74,3.0,2.0,101,35.0,1.0,0.0,37.0,285
4.0,2.0,1.0,0.0,4.0,3.0,0.0,0.0,0.0,5.0,1.0,1.0,20,1.0,6.0,23,11.0,1.0,0.0,6.0,89
12.0,0.0,2.0,1.0,9.0,22.0,0.0,0.0,1.0,1.0,5.0,8.0,52,5.0,3.0,56,25.0,3.0,1.0,16.0,222
9.0,0.0,3.0,1.0,12.0,7.0,5.0,4.0,2.0,12.0,0.0,5.0,32,6.0,7.0,40,14.0,4.0,2.0,10.0,175
7.0,0.0,2.0,1.0,1.0,11.0,0.0,0.0,1.0,1.0,1.0,4.0,81,5.0,3.0,111,33.0,2.0,0.0,41.0,305
1.0,4.0,1.0,3.0,4.0,2.0,1.0,3.0,0.0,4.0,1.0,1.0,19,0.0,5.0,26,10.0,1.0,2.0,7.0,95
122.0,6.0,47.0,71.0,44.0,94.0,26.0,38.0,44.0,82.0,26.0,50.0,89,40.0,57.0,115,60.0,40.0,15.0,63.0,1129
3.0,0.0,0.0,0.0,3.0,4.0,2.0,0.0,2.0,1.0,1.0,5.0,31,3.0,0.0,38,17.0,3.0,1.0,9.0,123
12.0,0.0,1.0,0.0,3.0,4.0,1.0,0.0,1.0,2.0,2.0,7.0,36,6.0,5.0,48,14.0,0.0,2.0,11.0,155
23.0,0.0,0.0,0.0,4.0,14.0,0.0,1.0,2.0,0.0,5.0,3.0,43,6.0,9.0,45,15.0,1.0,1.0,15.0,187
10.0,0.0,4.0,1.0,0.0,12.0,0.0,0.0,3.0,2.0,0.0,4.0,79,2.0,4.0,112,32.0,2.0,0.0,41.0,308
12.0,0.0,2.0,1.0,2.0,7.0,1.0,0.0,2.0,1.0,3.0,4.0,97,5.0,1.0,123,48.0,1.0,0.0,45.0,355
4.0,0.0,0.0,0.0,5.0,5.0,1.0,0.0,2.0,2.0,0.0,6.0,34,2.0,1.0,42,17.0,5.0,1.0,9.0,136
9.0,0.0,0.0,1.0,6.0,6.0,1.0,0.0,2.0,1.0,2.0,3.0,36,3.0,8.0,44,16.0,1.0,2.0,10.0,151
11.0,0.0,2.0,0.0,4.0,18.0,0.0,1.0,2.0,3.0,1.0,2.0,49,5.0,6.0,55,27.0,1.0,0.0,20.0,207
10.0,0.0,4.0,3.0,13.0,21.0,2.0,4.0,1.0,3.0,3.0,5.0,54,6.0,6.0,64,27.0,1.0,1.0,14.0,242
11.0,0.0,4.0,3.0,13.0,23.0,2.0,3.0,1.0,3.0,3.0,4.0,53,5.0,5.0,61,28.0,1.0,1.0,14.0,238
12.0,0.0,1.0,2.0,2.0,7.0,1.0,0.0,2.0,1.0,3.0,4.0,93,5.0,1.0,116,47.0,1.0,0.0,43.0,341
10.0,0.0,4.0,3.0,13.0,21.0,2.0,4.0,1.0,3.0,3.0,5.0,54,6.0,6.0,64,27.0,1.0,1.0,14.0,242
28.0,0.0,2.0,0.0,2.0,13.0,0.0,0.0,3.0,1.0,1.0,3.0,44,7.0,6.0,49,7.0,1.0,0.0,19.0,186
24.0,0.0,0.0,0.0,5.0,14.0,1.0,1.0,2.0,0.0,3.0,3.0,42,5.0,9.0,46,14.0,2.0,1.0,14.0,186
10.0,0.0,4.0,3.0,13.0,22.0,2.0,4.0,1.0,3.0,3.0,5.0,54,5.0,7.0,63,28.0,0.0,1.0,14.0,242
122.0,4.0,59.0,58.0,44.0,97.0,23.0,28.0,38.0,75.0,25.0,34.0,86,36.0,60.0,106,61.0,42.0,16.0,60.0,1074
12.0,0.0,4.0,3.0,13.0,22.0,2.0,4.0,1.0,3.0,3.0,5.0,54,5.0,5.0,61,30.0,0.0,1.0,14.0,242
14.0,0.0,3.0,4.0,12.0,25.0,1.0,3.0,1.0,2.0,4.0,4.0,55,8.0,4.0,58,31.0,0.0,1.0,15.0,245
13.0,0.0,2.0,2.0,10.0,14.0,2.0,4.0,1.0,2.0,8.0,3.0,53,7.0,4.0,67,28.0,0.0,1.0,14.0,235
4.0,1.0,1.0,1.0,6.0,2.0,0.0,1.0,0.0,6.0,2.0,2.0,20,2.0,6.0,24,9.0,2.0,0.0,8.0,97
19.0,0.0,0.0,0.0,5.0,16.0,0.0,1.0,1.0,0.0,1.0,4.0,44,9.0,4.0,45,21.0,1.0,2.0,17.0,190
14.0,0.0,3.0,0.0,5.0,10.0,3.0,0.0,2.0,0.0,4.0,3.0,97,10.0,3.0,133,36.0,1.0,1.0,41.0,366
4.0,1.0,1.0,0.0,4.0,2.0,0.0,0.0,2.0,2.0,0.0,1.0,20,1.0,6.0,24,10.0,0.0,0.0,8.0,86
8.0,1.0,3.0,2.0,7.0,3.0,4.0,4.0,0.0,17.0,0.0,3.0,22,3.0,7.0,33,14.0,5.0,0.0,11.0,147
8.0,0.0,2.0,0.0,5.0,11.0,0.0,1.0,0.0,0.0,2.0,4.0,37,4.0,3.0,44,18.0,0.0,1.0,11.0,151
6.0,0.0,0.0,0.0,3.0,15.0,0.0,0.0,2.0,0.0,1.0,3.0,71,9.0,1.0,89,35.0,1.0,1.0,31.0,268
7.0,0.0,1.0,0.0,9.0,12.0,1.0,0.0,3.0,1.0,5.0,1.0,42,6.0,3.0,48,21.0,3.0,1.0,9.0,173
12.0,0.0,2.0,2.0,10.0,21.0,1.0,1.0,2.0,1.0,1.0,9.0,48,4.0,2.0,55,26.0,5.0,1.0,15.0,218
23.0,0.0,1.0,0.0,5.0,24.0,0.0,0.0,4.0,0.0,2.0,4.0,51,12.0,6.0,55,24.0,3.0,4.0,21.0,239
16.0,0.0,2.0,2.0,13.0,22.0,1.0,3.0,1.0,1.0,2.0,4.0,53,5.0,4.0,55,29.0,0.0,1.0,12.0,226
3.0,1.0,1.0,0.0,2.0,1.0,0.0,0.0,1.0,2.0,0.0,1.0,16,2.0,6.0,21,8.0,0.0,0.0,5.0,70
14.0,1.0,2.0,3.0,7.0,9.0,1.0,7.0,2.0,14.0,1.0,6.0,39,5.0,10.0,42,18.0,11.0,0.0,13.0,205
14.0,0.0,2.0,3.0,12.0,23.0,1.0,3.0,2.0,0.0,1.0,4.0,53,6.0,3.0,56,27.0,1.0,1.0,14.0,226
23.0,0.0,0.0,0.0,4.0,19.0,0.0,2.0,3.0,0.0,5.0,3.0,43,6.0,8.0,45,14.0,2.0,1.0,15.0,193
14.0,0.0,4.0,4.0,12.0,22.0,2.0,3.0,1.0,2.0,3.0,5.0,55,8.0,5.0,63,25.0,3.0,1.0,15.0,247
8.0,0.0,4.0,1.0,1.0,12.0,0.0,0.0,3.0,1.0,0.0,2.0,79,5.0,3.0,111,35.0,1.0,0.0,40.0,306
13.0,2.0,16.0,5.0,5.0,15.0,2.0,1.0,2.0,5.0,6.0,9.0,100,4.0,4.0,127,37.0,6.0,1.0,41.0,401
14.0,0.0,5.0,4.0,12.0,23.0,2.0,3.0,2.0,3.0,4.0,5.0,55,8.0,5.0,64,25.0,3.0,1.0,15.0,253
9.0,0.0,4.0,1.0,1.0,9.0,0.0,0.0,2.0,3.0,0.0,3.0,63,5.0,1.0,91,27.0,1.0,0.0,32.0,252
14.0,0.0,5.0,4.0,12.0,23.0,2.0,3.0,2.0,3.0,4.0,5.0,54,7.0,4.0,63,25.0,3.0,1.0,15.0,249
12.0,0.0,3.0,1.0,2.0,8.0,2.0,0.0,5.0,0.0,0.0,3.0,47,5.0,2.0,54,25.0,6.0,0.0,20.0,195
10.0,0.0,5.0,1.0,1.0,12.0,2.0,0.0,2.0,0.0,2.0,5.0,83,4.0,1.0,111,38.0,2.0,0.0,41.0,320
23.0,0.0,0.0,0.0,4.0,16.0,0.0,2.0,3.0,0.0,3.0,3.0,41,6.0,8.0,43,14.0,2.0,1.0,14.0,183
97.0,14.0,33.0,43.0,17.0,53.0,15.0,32.0,24.0,80.0,13.0,38.0,71,35.0,44.0,116,41.0,41.0,4.0,21.0,832
23.0,0.0,0.0,0.0,4.0,19.0,0.0,1.0,3.0,0.0,5.0,3.0,43,6.0,8.0,45,15.0,2.0,1.0,15.0,193
6.0,0.0,0.0,0.0,6.0,17.0,2.0,1.0,2.0,1.0,2.0,12.0,45,3.0,3.0,54,19.0,5.0,1.0,13.0,192
15.0,0.0,3.0,4.0,1.0,11.0,0.0,1.0,7.0,1.0,3.0,2.0,97,3.0,8.0,125,34.0,1.0,1.0,44.0,361
6.0,0.0,0.0,0.0,0.0,10.0,3.0,1.0,4.0,2.0,0.0,7.0,40,5.0,0.0,43,23.0,6.0,0.0,19.0,169
11.0,0.0,0.0,1.0,8.0,18.0,1.0,2.0,2.0,1.0,0.0,3.0,50,11.0,10.0,57,21.0,0.0,3.0,12.0,211
6.0,0.0,0.0,0.0,6.0,15.0,2.0,1.0,2.0,1.0,2.0,12.0,45,2.0,3.0,54,18.0,5.0,1.0,13.0,188
21.0,0.0,0.0,0.0,4.0,19.0,0.0,1.0,3.0,0.0,4.0,3.0,43,6.0,8.0,42,14.0,2.0,1.0,14.0,185
6.0,0.0,0.0,0.0,6.0,15.0,2.0,1.0,2.0,1.0,2.0,12.0,45,2.0,3.0,54,18.0,5.0,1.0,13.0,188
7.0,0.0,4.0,0.0,1.0,7.0,1.0,0.0,3.0,0.0,1.0,4.0,54,3.0,2.0,76,25.0,1.0,0.0,27.0,216
7.0,0.0,2.0,2.0,0.0,7.0,1.0,1.0,8.0,1.0,0.0,4.0,105,4.0,0.0,139,42.0,1.0,1.0,49.0,374
10.0,0.0,0.0,0.0,0.0,1.0,1.0,0.0,1.0,1.0,0.0,1.0,65,0.0,1.0,97,27.0,0.0,0.0,35.0,240
11.0,0.0,2.0,0.0,0.0,15.0,1.0,0.0,1.0,2.0,1.0,3.0,74,2.0,1.0,99,30.0,0.0,0.0,40.0,282
11.0,0.0,2.0,1.0,2.0,12.0,1.0,1.0,2.0,2.0,2.0,8.0,102,6.0,1.0,131,44.0,2.0,0.0,46.0,376
143.0,5.0,65.0,82.0,41.0,100.0,35.0,45.0,59.0,103.0,30.0,47.0,86,53.0,79.0,129,55.0,41.0,19.0,66.0,1283
13.0,0.0,6.0,1.0,3.0,6.0,1.0,3.0,9.0,0.0,2.0,0.0,112,6.0,0.0,146,48.0,0.0,1.0,51.0,408
16.0,1.0,1.0,0.0,5.0,22.0,3.0,0.0,2.0,1.0,4.0,4.0,95,6.0,4.0,121,41.0,2.0,1.0,42.0,371
7.0,2.0,4.0,0.0,0.0,2.0,1.0,0.0,3.0,3.0,3.0,4.0,38,3.0,1.0,54,19.0,0.0,0.0,18.0,162
10.0,0.0,4.0,1.0,5.0,10.0,0.0,1.0,3.0,0.0,1.0,4.0,45,7.0,2.0,48,23.0,1.0,0.0,15.0,180
9.0,0.0,4.0,0.0,0.0,10.0,0.0,1.0,3.0,1.0,0.0,2.0,76,3.0,2.0,107,31.0,0.0,0.0,39.0,288
11.0,0.0,1.0,1.0,8.0,17.0,0.0,0.0,2.0,0.0,4.0,4.0,54,5.0,3.0,59,28.0,2.0,0.0,18.0,217
12.0,0.0,1.0,1.0,8.0,16.0,0.0,0.0,2.0,0.0,4.0,4.0,54,4.0,3.0,61,28.0,1.0,0.0,18.0,217
13.0,0.0,3.0,0.0,7.0,9.0,1.0,1.0,0.0,2.0,2.0,1.0,36,8.0,6.0,44,15.0,0.0,1.0,8.0,157
16.0,0.0,2.0,0.0,3.0,10.0,5.0,4.0,5.0,8.0,5.0,3.0,102,4.0,2.0,139,34.0,3.0,1.0,42.0,388
14.0,0.0,1.0,1.0,8.0,16.0,0.0,0.0,2.0,0.0,4.0,4.0,54,4.0,3.0,60,27.0,1.0,0.0,18.0,217
10.0,0.0,2.0,0.0,6.0,17.0,1.0,0.0,1.0,0.0,3.0,1.0,45,7.0,7.0,48,26.0,1.0,0.0,17.0,192
8.0,0.0,2.0,2.0,0.0,5.0,1.0,2.0,3.0,0.0,2.0,3.0,51,3.0,2.0,65,26.0,1.0,0.0,25.0,201
12.0,0.0,2.0,1.0,1.0,9.0,1.0,1.0,2.0,1.0,2.0,5.0,94,5.0,1.0,124,45.0,1.0,0.0,46.0,353
10.0,0.0,3.0,0.0,5.0,8.0,3.0,0.0,0.0,2.0,1.0,3.0,37,7.0,6.0,43,16.0,1.0,1.0,10.0,156
11.0,0.0,2.0,0.0,7.0,17.0,1.0,1.0,1.0,0.0,3.0,1.0,46,7.0,7.0,48,24.0,1.0,0.0,16.0,193
11.0,0.0,1.0,0.0,1.0,8.0,0.0,1.0,5.0,0.0,3.0,1.0,43,2.0,3.0,49,25.0,2.0,0.0,19.0,174
12.0,0.0,2.0,0.0,6.0,17.0,1.0,1.0,1.0,0.0,3.0,2.0,47,7.0,7.0,49,25.0,1.0,0.0,17.0,198
14.0,0.0,3.0,2.0,0.0,7.0,2.0,0.0,4.0,0.0,0.0,4.0,42,4.0,3.0,51,18.0,2.0,0.0,17.0,173
9.0,1.0,1.0,1.0,7.0,8.0,1.0,1.0,2.0,3.0,1.0,4.0,41,3.0,7.0,43,16.0,1.0,0.0,14.0,164
12.0,4.0,8.0,0.0,4.0,9.0,5.0,6.0,3.0,8.0,2.0,4.0,61,4.0,6.0,90,34.0,8.0,1.0,32.0,301
12.0,0.0,4.0,0.0,5.0,11.0,2.0,1.0,0.0,3.0,2.0,5.0,40,6.0,6.0,46,17.0,0.0,1.0,11.0,172
6.0,1.0,0.0,9.0,0.0,1.0,2.0,0.0,2.0,0.0,0.0,3.0,53,1.0,2.0,84,25.0,2.0,0.0,34.0,225
11.0,0.0,1.0,1.0,8.0,15.0,0.0,0.0,2.0,0.0,4.0,4.0,53,5.0,3.0,62,27.0,2.0,0.0,18.0,216
7.0,0.0,5.0,2.0,1.0,0.0,1.0,1.0,9.0,1.0,0.0,2.0,92,2.0,1.0,130,42.0,0.0,0.0,45.0,341
14.0,0.0,2.0,0.0,3.0,22.0,0.0,0.0,4.0,1.0,1.0,7.0,44,8.0,1.0,59,17.0,2.0,1.0,18.0,204
12.0,0.0,4.0,2.0,0.0,14.0,1.0,1.0,6.0,2.0,0.0,5.0,75,2.0,1.0,102,33.0,1.0,0.0,39.0,300
16.0,0.0,0.0,0.0,0.0,8.0,0.0,0.0,7.0,0.0,0.0,2.0,108,14.0,0.0,160,11.0,0.0,1.0,54.0,381
11.0,0.0,2.0,0.0,7.0,18.0,1.0,1.0,0.0,0.0,3.0,1.0,44,6.0,7.0,47,23.0,1.0,0.0,16.0,188
13.0,0.0,4.0,0.0,6.0,9.0,0.0,0.0,0.0,4.0,1.0,5.0,39,8.0,6.0,52,14.0,0.0,1.0,11.0,173
9.0,0.0,1.0,0.0,5.0,11.0,1.0,1.0,1.0,0.0,1.0,2.0,43,9.0,5.0,50,21.0,1.0,0.0,16.0,177
13.0,0.0,4.0,0.0,6.0,9.0,0.0,0.0,0.0,4.0,1.0,4.0,39,9.0,6.0,51,15.0,0.0,1.0,11.0,173
17.0,0.0,0.0,1.0,6.0,14.0,0.0,0.0,2.0,0.0,1.0,2.0,43,5.0,5.0,51,17.0,0.0,2.0,14.0,180
15.0,2.0,5.0,3.0,15.0,27.0,2.0,5.0,3.0,11.0,5.0,5.0,60,7.0,5.0,62,33.0,5.0,2.0,19.0,291
12.0,0.0,2.0,1.0,0.0,12.0,0.0,0.0,0.0,1.0,1.0,0.0,75,11.0,5.0,101,24.0,1.0,0.0,38.0,284
11.0,0.0,1.0,0.0,1.0,13.0,1.0,1.0,4.0,0.0,1.0,4.0,44,9.0,0.0,52,26.0,3.0,0.0,19.0,190
13.0,0.0,5.0,1.0,9.0,20.0,3.0,1.0,0.0,5.0,2.0,5.0,48,6.0,7.0,64,22.0,0.0,1.0,14.0,226
0.0,0.0,1.0,0.0,0.0,0.0,0.0,0.0,2.0,0.0,0.0,1.0,55,0.0,8.0,72,27.0,0.0,0.0,28.0,194
11.0,0.0,2.0,1.0,0.0,12.0,0.0,0.0,0.0,1.0,1.0,0.0,75,11.0,5.0,101,24.0,2.0,0.0,38.0,284
15.0,0.0,1.0,0.0,5.0,15.0,2.0,1.0,0.0,3.0,2.0,5.0,45,7.0,5.0,56,18.0,0.0,2.0,14.0,196
7.0,6.0,23.0,21.0,23.0,13.0,11.0,38.0,34.0,54.0,9.0,28.0,61,32.0,10.0,116,51.0,16.0,4.0,48.0,605
11.0,0.0,1.0,1.0,8.0,14.0,4.0,2.0,1.0,3.0,2.0,4.0,45,5.0,5.0,56,22.0,3.0,1.0,12.0,200
13.0,0.0,1.0,1.0,8.0,8.0,2.0,1.0,0.0,0.0,5.0,9.0,46,7.0,7.0,57,20.0,0.0,1.0,12.0,198
7.0,0.0,0.0,0.0,7.0,17.0,8.0,0.0,1.0,1.0,1.0,9.0,49,3.0,4.0,53,20.0,0.0,0.0,15.0,195
24.0,0.0,8.0,2.0,11.0,20.0,1.0,1.0,3.0,5.0,2.0,7.0,62,8.0,5.0,62,29.0,1.0,2.0,16.0,269
14.0,0.0,1.0,1.0,8.0,12.0,2.0,1.0,0.0,1.0,3.0,6.0,46,5.0,7.0,58,20.0,0.0,1.0,13.0,199
13.0,0.0,2.0,1.0,7.0,14.0,2.0,2.0,1.0,2.0,3.0,8.0,45,4.0,4.0,60,17.0,0.0,1.0,12.0,198
10.0,0.0,1.0,0.0,6.0,16.0,2.0,1.0,0.0,2.0,1.0,6.0,39,2.0,4.0,47,19.0,1.0,1.0,9.0,167
9.0,0.0,3.0,3.0,4.0,20.0,1.0,0.0,1.0,2.0,3.0,4.0,83,8.0,3.0,107,42.0,2.0,1.0,37.0,333
11.0,0.0,1.0,0.0,7.0,12.0,2.0,0.0,4.0,1.0,2.0,6.0,43,3.0,3.0,59,16.0,0.0,1.0,12.0,183
13.0,0.0,2.0,1.0,7.0,18.0,2.0,2.0,0.0,4.0,2.0,9.0,48,5.0,6.0,59,14.0,1.0,1.0,13.0,207
13.0,0.0,2.0,1.0,7.0,12.0,3.0,0.0,1.0,3.0,3.0,7.0,45,5.0,4.0,59,18.0,0.0,1.0,12.0,196
16.0,0.0,3.0,2.0,9.0,23.0,3.0,2.0,0.0,3.0,3.0,9.0,48,4.0,6.0,58,20.0,0.0,1.0,14.0,224
4.0,0.0,1.0,0.0,4.0,5.0,0.0,0.0,1.0,2.0,2.0,1.0,15,1.0,2.0,10,5.0,1.0,0.0,3.0,57
12.0,0.0,1.0,2.0,6.0,16.0,2.0,0.0,0.0,2.0,2.0,10.0,46,5.0,6.0,52,19.0,2.0,1.0,13.0,197
14.0,0.0,1.0,1.0,8.0,10.0,2.0,1.0,0.0,1.0,5.0,4.0,45,4.0,7.0,52,22.0,0.0,1.0,12.0,190
11.0,0.0,5.0,6.0,3.0,8.0,5.0,1.0,5.0,1.0,3.0,7.0,111,13.0,0.0,149,35.0,1.0,1.0,49.0,414
8.0,0.0,2.0,1.0,7.0,12.0,2.0,1.0,0.0,2.0,3.0,7.0,47,5.0,5.0,57,22.0,1.0,1.0,12.0,195
9.0,0.0,1.0,0.0,4.0,7.0,0.0,1.0,0.0,4.0,0.0,0.0,64,9.0,5.0,85,25.0,3.0,0.0,33.0,250
9.0,0.0,2.0,1.0,7.0,13.0,2.0,1.0,0.0,2.0,3.0,7.0,47,5.0,5.0,57,22.0,1.0,1.0,12.0,197
14.0,0.0,1.0,0.0,1.0,17.0,0.0,1.0,9.0,2.0,3.0,4.0,114,7.0,0.0,147,48.0,1.0,3.0,51.0,423
14.0,0.0,0.0,0.0,3.0,8.0,3.0,4.0,1.0,2.0,1.0,13.0,53,9.0,3.0,72,29.0,1.0,0.0,26.0,242
10.0,0.0,1.0,0.0,6.0,11.0,3.0,0.0,1.0,4.0,2.0,7.0,42,7.0,6.0,48,21.0,0.0,2.0,11.0,182
10.0,0.0,2.0,1.0,5.0,9.0,2.0,0.0,0.0,4.0,1.0,9.0,40,5.0,5.0,49,14.0,1.0,1.0,11.0,169
58.0,8.0,37.0,26.0,19.0,47.0,14.0,26.0,34.0,43.0,10.0,22.0,156,22.0,38.0,206,78.0,31.0,3.0,77.0,955
15.0,0.0,2.0,1.0,7.0,12.0,2.0,0.0,0.0,4.0,2.0,10.0,45,5.0,5.0,57,18.0,1.0,1.0,12.0,199
4.0,0.0,4.0,0.0,1.0,6.0,1.0,0.0,3.0,0.0,1.0,4.0,22,3.0,2.0,33,9.0,0.0,0.0,11.0,104
13.0,0.0,1.0,1.0,7.0,14.0,2.0,1.0,0.0,3.0,3.0,7.0,43,5.0,5.0,56,16.0,0.0,1.0,11.0,189
11.0,0.0,2.0,1.0,8.0,19.0,1.0,0.0,0.0,2.0,3.0,8.0,46,7.0,5.0,57,20.0,0.0,1.0,12.0,203
66.0,14.0,74.0,49.0,37.0,73.0,45.0,50.0,66.0,84.0,22.0,34.0,99,38.0,56.0,113,74.0,71.0,17.0,68.0,1150
9.0,3.0,7.0,4.0,24.0,12.0,3.0,14.0,6.0,22.0,2.0,2.0,28,5.0,11.0,43,26.0,8.0,2.0,19.0,250
10.0,0.0,2.0,0.0,7.0,5.0,2.0,2.0,2.0,5.0,3.0,3.0,39,7.0,7.0,49,16.0,3.0,2.0,18.0,182
12.0,0.0,0.0,4.0,4.0,17.0,2.0,0.0,2.0,3.0,8.0,14.0,72,9.0,1.0,108,37.0,6.0,1.0,38.0,338
8.0,1.0,2.0,2.0,4.0,5.0,3.0,9.0,6.0,17.0,4.0,8.0,21,7.0,7.0,25,7.0,4.0,2.0,4.0,146
13.0,0.0,1.0,0.0,6.0,16.0,1.0,0.0,2.0,0.0,0.0,4.0,47,8.0,1.0,51,22.0,3.0,0.0,17.0,192
6.0,0.0,3.0,0.0,1.0,7.0,1.0,0.0,1.0,0.0,0.0,4.0,54,7.0,7.0,74,22.0,0.0,0.0,26.0,213
12.0,0.0,3.0,1.0,7.0,17.0,2.0,0.0,0.0,3.0,3.0,8.0,46,6.0,6.0,56,19.0,0.0,1.0,12.0,202
8.0,0.0,3.0,1.0,0.0,15.0,0.0,3.0,4.0,1.0,5.0,1.0,56,0.0,0.0,78,21.0,0.0,0.0,30.0,226
12.0,0.0,1.0,1.0,7.0,13.0,2.0,0.0,0.0,4.0,2.0,9.0,44,5.0,5.0,53,16.0,1.0,1.0,11.0,187
13.0,0.0,1.0,2.0,6.0,11.0,3.0,1.0,0.0,4.0,1.0,10.0,43,5.0,5.0,51,13.0,0.0,1.0,11.0,181
10.0,0.0,4.0,0.0,4.0,11.0,1.0,1.0,1.0,1.0,3.0,4.0,77,4.0,4.0,100,35.0,1.0,0.0,32.0,293
10.0,0.0,0.0,0.0,4.0,11.0,4.0,0.0,0.0,1.0,2.0,5.0,36,5.0,5.0,44,15.0,0.0,2.0,9.0,153
6.0,0.0,3.0,1.0,6.0,7.0,1.0,2.0,5.0,1.0,0.0,6.0,23,3.0,3.0,33,5.0,0.0,1.0,4.0,110
11.0,0.0,1.0,1.0,5.0,14.0,4.0,0.0,2.0,2.0,0.0,7.0,35,4.0,4.0,43,13.0,1.0,1.0,9.0,157
0.0,0.0,0.0,0.0,1.0,2.0,0.0,0.0,3.0,0.0,0.0,4.0,53,0.0,0.0,82,28.0,0.0,0.0,29.0,202
12.0,0.0,1.0,1.0,5.0,13.0,5.0,0.0,2.0,2.0,0.0,6.0,35,4.0,4.0,44,13.0,1.0,1.0,8.0,157
8.0,3.0,6.0,1.0,8.0,15.0,2.0,15.0,5.0,11.0,0.0,11.0,58,18.0,0.0,73,28.0,6.0,1.0,25.0,294
7.0,0.0,7.0,2.0,0.0,21.0,2.0,0.0,13.0,2.0,1.0,5.0,67,22.0,1.0,74,29.0,1.0,0.0,41.0,295
4.0,0.0,3.0,2.0,2.0,3.0,0.0,0.0,2.0,1.0,0.0,2.0,10,3.0,0.0,14,0.0,1.0,1.0,1.0,49
23.0,0.0,4.0,2.0,12.0,30.0,8.0,3.0,2.0,8.0,5.0,24.0,62,10.0,9.0,93,30.0,6.0,2.0,21.0,354
10.0,0.0,5.0,0.0,6.0,17.0,5.0,1.0,0.0,1.0,5.0,4.0,34,7.0,6.0,42,13.0,1.0,0.0,11.0,168
21.0,0.0,5.0,0.0,2.0,18.0,4.0,1.0,3.0,5.0,3.0,7.0,94,6.0,0.0,128,39.0,3.0,2.0,43.0,384
10.0,0.0,4.0,1.0,3.0,15.0,2.0,0.0,3.0,3.0,3.0,5.0,98,4.0,4.0,137,42.0,2.0,2.0,44.0,382
15.0,1.0,5.0,1.0,4.0,18.0,3.0,0.0,3.0,1.0,8.0,9.0,100,11.0,1.0,128,37.0,2.0,3.0,43.0,393
113.0,18.0,112.0,93.0,56.0,118.0,33.0,89.0,79.0,138.0,40.0,66.0,81,65.0,99.0,99,90.0,123.0,14.0,41.0,1567
3.0,0.0,4.0,0.0,1.0,11.0,0.0,0.0,3.0,2.0,0.0,4.0,46,5.0,1.0,63,18.0,0.0,0.0,22.0,183
31.0,0.0,2.0,3.0,0.0,1.0,0.0,0.0,1.0,0.0,0.0,4.0,68,0.0,0.0,64,34.0,0.0,0.0,34.0,242
13.0,0.0,4.0,2.0,3.0,16.0,1.0,1.0,7.0,1.0,8.0,4.0,111,7.0,0.0,145,43.0,0.0,3.0,46.0,415
21.0,1.0,4.0,2.0,6.0,18.0,5.0,1.0,3.0,3.0,6.0,15.0,80,7.0,3.0,113,36.0,4.0,1.0,40.0,369
9.0,0.0,1.0,2.0,3.0,15.0,1.0,2.0,4.0,1.0,0.0,3.0,49,4.0,3.0,50,24.0,5.0,1.0,15.0,192
2.0,0.0,4.0,0.0,1.0,8.0,0.0,0.0,0.0,1.0,2.0,0.0,3,2.0,2.0,7,1.0,1.0,0.0,2.0,36
16.0,1.0,4.0,1.0,3.0,18.0,6.0,3.0,3.0,1.0,7.0,11.0,93,10.0,1.0,131,27.0,3.0,3.0,40.0,382
16.0,0.0,6.0,0.0,1.0,20.0,5.0,3.0,5.0,8.0,1.0,15.0,83,9.0,6.0,124,24.0,10.0,2.0,43.0,381
20.0,2.0,3.0,3.0,3.0,19.0,4.0,3.0,4.0,6.0,7.0,11.0,82,8.0,3.0,120,28.0,5.0,1.0,40.0,372
8.0,0.0,4.0,1.0,1.0,8.0,0.0,1.0,7.0,3.0,0.0,3.0,103,7.0,0.0,137,40.0,1.0,1.0,47.0,372
10.0,0.0,1.0,0.0,6.0,18.0,2.0,1.0,3.0,2.0,1.0,5.0,44,5.0,3.0,60,19.0,1.0,1.0,14.0,196
39.0,0.0,0.0,2.0,1.0,1.0,2.0,2.0,2.0,2.0,3.0,2.0,70,3.0,8.0,69,35.0,0.0,0.0,33.0,274
28.0,0.0,2.0,4.0,0.0,4.0,0.0,1.0,1.0,0.0,0.0,3.0,62,1.0,1.0,63,29.0,0.0,0.0,32.0,231
17.0,0.0,4.0,2.0,3.0,19.0,3.0,0.0,3.0,1.0,8.0,9.0,99,9.0,2.0,127,39.0,3.0,3.0,44.0,395
30.0,0.0,2.0,3.0,0.0,3.0,1.0,0.0,0.0,1.0,1.0,2.0,53,0.0,0.0,56,24.0,0.0,0.0,26.0,202
1.0,0.0,3.0,0.0,6.0,2.0,2.0,0.0,3.0,0.0,1.0,3.0,44,0.0,0.0,59,28.0,3.0,1.0,15.0,171
16.0,2.0,2.0,7.0,4.0,16.0,6.0,1.0,6.0,2.0,6.0,11.0,80,13.0,2.0,107,31.0,4.0,3.0,36.0,355
36.0,0.0,4.0,1.0,1.0,19.0,0.0,0.0,1.0,1.0,0.0,2.0,65,2.0,0.0,77,26.0,3.0,0.0,32.0,270
104.0,10.0,97.0,95.0,41.0,110.0,28.0,84.0,78.0,142.0,48.0,64.0,71,56.0,90.0,88,80.0,104.0,18.0,38.0,1446
14.0,0.0,2.0,0.0,2.0,4.0,5.0,2.0,3.0,1.0,3.0,6.0,89,3.0,1.0,123,36.0,1.0,1.0,41.0,337
102.0,7.0,110.0,94.0,43.0,107.0,36.0,93.0,73.0,139.0,46.0,58.0,71,58.0,92.0,85,94.0,96.0,10.0,34.0,1448
30.0,0.0,1.0,2.0,0.0,7.0,0.0,1.0,0.0,1.0,0.0,2.0,64,2.0,1.0,69,28.0,0.0,0.0,34.0,242
16.0,0.0,1.0,2.0,2.0,14.0,1.0,0.0,1.0,1.0,1.0,9.0,57,3.0,3.0,71,17.0,1.0,0.0,27.0,227
101.0,13.0,106.0,101.0,58.0,121.0,29.0,90.0,80.0,153.0,45.0,72.0,73,72.0,83.0,103,85.0,125.0,18.0,37.0,1565
21.0,0.0,5.0,2.0,2.0,11.0,0.0,0.0,3.0,0.0,4.0,2.0,65,1.0,0.0,80,30.0,2.0,1.0,32.0,261
25.0,0.0,4.0,2.0,0.0,2.0,0.0,0.0,2.0,0.0,1.0,0.0,51,1.0,0.0,52,25.0,0.0,0.0,26.0,191
20.0,0.0,3.0,5.0,3.0,2.0,0.0,2.0,1.0,2.0,0.0,3.0,51,1.0,1.0,47,24.0,2.0,0.0,21.0,188
22.0,0.0,2.0,2.0,1.0,6.0,0.0,1.0,2.0,2.0,1.0,0.0,48,2.0,2.0,50,22.0,2.0,1.0,23.0,189
2.0,0.0,0.0,0.0,3.0,7.0,1.0,0.0,4.0,1.0,0.0,0.0,46,2.0,2.0,66,21.0,0.0,0.0,21.0,176
24.0,0.0,0.0,0.0,2.0,5.0,0.0,0.0,2.0,2.0,0.0,12.0,49,0.0,1.0,63,10.0,14.0,0.0,21.0,205
16.0,0.0,0.0,7.0,0.0,0.0,0.0,0.0,1.0,0.0,0.0,1.0,31,0.0,0.0,31,15.0,0.0,0.0,16.0,118
16.0,1.0,3.0,1.0,0.0,2.0,25.0,9.0,1.0,18.0,0.0,3.0,24,18.0,8.0,2,19.0,14.0,1.0,0.0,165
31.0,0.0,0.0,1.0,1.0,11.0,5.0,0.0,0.0,4.0,4.0,2.0,64,3.0,24.0,52,29.0,5.0,0.0,21.0,257
12.0,0.0,6.0,7.0,1.0,7.0,12.0,2.0,5.0,4.0,2.0,21.0,64,4.0,2.0,71,28.0,4.0,0.0,34.0,286
26.0,0.0,1.0,3.0,3.0,8.0,38.0,24.0,2.0,50.0,6.0,5.0,44,34.0,24.0,24,23.0,31.0,1.0,6.0,353
55.0,14.0,76.0,117.0,33.0,39.0,24.0,40.0,103.0,44.0,21.0,47.0,52,45.0,56.0,79,52.0,49.0,4.0,19.0,969
101.0,20.0,94.0,101.0,67.0,114.0,40.0,112.0,86.0,133.0,50.0,62.0,74,64.0,80.0,111,85.0,96.0,20.0,35.0,1545
9.0,0.0,1.0,0.0,6.0,12.0,1.0,0.0,1.0,0.0,0.0,6.0,47,4.0,2.0,57,21.0,4.0,0.0,16.0,187
15.0,2.0,5.0,3.0,2.0,17.0,2.0,4.0,9.0,10.0,5.0,11.0,61,5.0,9.0,80,14.0,8.0,0.0,32.0,294
7.0,0.0,1.0,1.0,3.0,7.0,0.0,0.0,0.0,0.0,0.0,3.0,62,0.0,0.0,85,30.0,2.0,0.0,28.0,229
20.0,0.0,5.0,12.0,1.0,21.0,5.0,2.0,2.0,4.0,1.0,1.0,44,10.0,9.0,32,4.0,3.0,0.0,11.0,187
21.0,1.0,10.0,7.0,10.0,33.0,2.0,5.0,1.0,13.0,6.0,10.0,65,12.0,9.0,76,23.0,12.0,0.0,18.0,334
21.0,1.0,12.0,7.0,10.0,31.0,2.0,3.0,1.0,14.0,5.0,9.0,64,12.0,8.0,76,26.0,14.0,0.0,18.0,334
29.0,0.0,4.0,6.0,0.0,12.0,1.0,0.0,3.0,1.0,0.0,2.0,55,2.0,0.0,59,24.0,0.0,0.0,28.0,226
7.0,0.0,4.0,3.0,7.0,30.0,5.0,2.0,0.0,12.0,7.0,6.0,38,3.0,8.0,61,20.0,3.0,1.0,14.0,231
1.0,0.0,1.0,0.0,1.0,0.0,0.0,0.0,5.0,0.0,0.0,4.0,50,0.0,1.0,77,24.0,0.0,0.0,27.0,191
18.0,0.0,4.0,3.0,1.0,4.0,0.0,1.0,2.0,0.0,1.0,0.0,37,2.0,0.0,50,6.0,3.0,0.0,17.0,149
80.0,18.0,85.0,90.0,44.0,82.0,30.0,87.0,88.0,116.0,41.0,62.0,58,51.0,76.0,72,75.0,94.0,14.0,27.0,1290
20.0,1.0,11.0,2.0,7.0,17.0,1.0,3.0,1.0,12.0,3.0,1.0,43,10.0,5.0,44,14.0,13.0,0.0,10.0,218
9.0,0.0,3.0,2.0,0.0,14.0,5.0,5.0,1.0,0.0,4.0,16.0,15,10.0,3.0,36,10.0,2.0,0.0,14.0,149
6.0,1.0,3.0,4.0,2.0,6.0,2.0,1.0,2.0,3.0,1.0,6.0,32,6.0,2.0,43,11.0,3.0,0.0,18.0,152
8.0,3.0,3.0,2.0,3.0,7.0,7.0,4.0,5.0,22.0,1.0,1.0,21,9.0,23.0,31,18.0,7.0,2.0,9.0,186
6.0,0.0,4.0,1.0,0.0,12.0,4.0,2.0,3.0,3.0,2.0,13.0,17,12.0,3.0,34,12.0,4.0,0.0,14.0,146
11.0,0.0,0.0,0.0,2.0,6.0,2.0,0.0,0.0,0.0,0.0,5.0,13,3.0,3.0,20,1.0,0.0,0.0,8.0,74
0.0,0.0,3.0,0.0,2.0,2.0,0.0,0.0,5.0,1.0,1.0,4.0,30,1.0,3.0,52,15.0,1.0,0.0,15.0,135
27.0,6.0,56.0,37.0,24.0,27.0,12.0,44.0,52.0,43.0,17.0,93.0,65,29.0,12.0,86,48.0,37.0,1.0,33.0,749
13.0,0.0,1.0,1.0,2.0,5.0,0.0,1.0,0.0,9.0,9.0,4.0,36,3.0,3.0,39,16.0,6.0,0.0,11.0,159
0.0,0.0,4.0,2.0,3.0,4.0,2.0,2.0,0.0,4.0,0.0,6.0,22,2.0,4.0,38,19.0,2.0,0.0,12.0,126
13.0,0.0,3.0,0.0,2.0,2.0,1.0,1.0,5.0,0.0,0.0,3.0,25,1.0,2.0,27,12.0,0.0,0.0,12.0,109
1.0,0.0,5.0,3.0,1.0,2.0,0.0,1.0,1.0,0.0,1.0,1.0,1,1.0,0.0,6,0.0,0.0,0.0,1.0,25
3.0,0.0,4.0,2.0,3.0,4.0,3.0,0.0,7.0,3.0,0.0,2.0,12,0.0,1.0,19,5.0,0.0,1.0,6.0,75
3.0,0.0,2.0,1.0,2.0,3.0,0.0,0.0,3.0,2.0,3.0,5.0,12,5.0,2.0,9,6.0,0.0,0.0,5.0,63
5.0,0.0,4.0,3.0,0.0,3.0,0.0,1.0,0.0,1.0,0.0,0.0,5,4.0,1.0,6,1.0,1.0,0.0,3.0,38
7.0,0.0,3.0,5.0,2.0,7.0,1.0,1.0,0.0,3.0,0.0,3.0,7,3.0,2.0,8,1.0,1.0,0.0,2.0,56
12.0,0.0,7.0,13.0,1.0,7.0,3.0,1.0,1.0,3.0,3.0,2.0,9,6.0,6.0,14,8.0,5.0,1.0,4.0,106
5.0,0.0,1.0,7.0,2.0,4.0,0.0,0.0,0.0,1.0,0.0,1.0,5,5.0,2.0,7,2.0,0.0,0.0,2.0,44
7.0,0.0,2.0,7.0,1.0,3.0,2.0,1.0,0.0,1.0,0.0,1.0,12,1.0,4.0,13,2.0,2.0,0.0,2.0,61
65.0,8.0,29.0,17.0,21.0,69.0,38.0,11.0,7.0,84.0,1.0,3.0,26,34.0,72.0,17,15.0,37.0,5.0,6.0,565
77.0,16.0,58.0,82.0,43.0,78.0,29.0,66.0,46.0,94.0,30.0,54.0,29,51.0,68.0,62,61.0,69.0,8.0,32.0,1053
3.0,0.0,5.0,7.0,0.0,9.0,3.0,5.0,4.0,1.0,2.0,17.0,17,18.0,1.0,42,2.0,5.0,0.0,15.0,156
2.0,1.0,2.0,1.0,6.0,1.0,0.0,1.0,1.0,2.0,1.0,3.0,9,4.0,1.0,8,2.0,3.0,0.0,1.0,49
19.0,0.0,1.0,4.0,2.0,15.0,1.0,1.0,4.0,1.0,2.0,1.0,120,3.0,2.0,162,40.0,2.0,1.0,54.0,435
7.0,0.0,4.0,4.0,2.0,12.0,0.0,2.0,8.0,1.0,1.0,6.0,116,2.0,2.0,141,62.0,1.0,1.0,54.0,426
7.0,0.0,4.0,4.0,1.0,11.0,0.0,2.0,8.0,1.0,1.0,6.0,116,2.0,2.0,141,62.0,1.0,1.0,54.0,424
7.0,0.0,4.0,4.0,0.0,11.0,0.0,2.0,8.0,2.0,1.0,6.0,116,2.0,2.0,141,62.0,1.0,1.0,54.0,424
7.0,0.0,4.0,4.0,2.0,11.0,0.0,2.0,8.0,1.0,1.0,6.0,116,2.0,2.0,141,62.0,1.0,1.0,54.0,425
7.0,0.0,3.0,5.0,1.0,11.0,0.0,2.0,8.0,1.0,1.0,6.0,116,2.0,2.0,141,62.0,1.0,1.0,54.0,424
7.0,0.0,4.0,4.0,2.0,12.0,0.0,2.0,8.0,1.0,1.0,6.0,116,2.0,2.0,141,62.0,1.0,1.0,54.0,426
7.0,0.0,4.0,4.0,1.0,11.0,0.0,2.0,8.0,1.0,1.0,2.0,97,3.0,2.0,123,52.0,1.0,1.0,44.0,364
9.0,0.0,4.0,4.0,2.0,12.0,0.0,2.0,8.0,1.0,1.0,6.0,116,2.0,2.0,141,62.0,1.0,1.0,54.0,428
8.0,0.0,4.0,4.0,1.0,12.0,0.0,2.0,8.0,1.0,0.0,7.0,116,2.0,2.0,138,62.0,0.0,1.0,54.0,422
7.0,0.0,4.0,4.0,2.0,12.0,0.0,2.0,8.0,1.0,1.0,6.0,116,2.0,2.0,141,62.0,1.0,1.0,54.0,426
7.0,0.0,4.0,4.0,1.0,11.0,0.0,2.0,8.0,1.0,1.0,6.0,116,2.0,2.0,141,62.0,1.0,1.0,54.0,424
7.0,0.0,5.0,3.0,2.0,11.0,0.0,2.0,8.0,1.0,1.0,5.0,116,2.0,2.0,144,60.0,1.0,1.0,54.0,425
7.0,0.0,4.0,4.0,1.0,11.0,0.0,2.0,8.0,1.0,1.0,6.0,116,2.0,2.0,141,62.0,1.0,1.0,54.0,424
13.0,0.0,4.0,4.0,2.0,19.0,0.0,3.0,8.0,1.0,4.0,7.0,123,3.0,2.0,146,65.0,2.0,3.0,55.0,464
9.0,0.0,4.0,4.0,2.0,12.0,0.0,2.0,8.0,1.0,1.0,6.0,116,2.0,2.0,141,62.0,1.0,1.0,54.0,428
8.0,0.0,4.0,4.0,2.0,13.0,0.0,2.0,8.0,0.0,1.0,7.0,116,2.0,2.0,138,62.0,0.0,1.0,54.0,424
7.0,0.0,4.0,4.0,1.0,11.0,0.0,2.0,8.0,1.0,1.0,6.0,116,2.0,2.0,141,62.0,1.0,1.0,54.0,424
8.0,0.0,4.0,4.0,1.0,11.0,0.0,2.0,8.0,1.0,1.0,6.0,116,2.0,2.0,141,61.0,1.0,1.0,54.0,424
7.0,0.0,4.0,4.0,1.0,11.0,0.0,2.0,8.0,1.0,1.0,6.0,116,2.0,2.0,141,62.0,1.0,1.0,54.0,424
13.0,0.0,4.0,4.0,2.0,19.0,0.0,3.0,8.0,1.0,4.0,7.0,123,3.0,2.0,146,65.0,2.0,3.0,55.0,464
7.0,0.0,4.0,4.0,1.0,11.0,0.0,2.0,8.0,1.0,1.0,6.0,116,2.0,2.0,141,62.0,1.0,1.0,54.0,424
8.0,0.0,4.0,4.0,1.0,12.0,0.0,2.0,8.0,0.0,1.0,7.0,116,2.0,2.0,138,62.0,0.0,1.0,54.0,422
8.0,0.0,5.0,3.0,1.0,11.0,0.0,2.0,8.0,2.0,1.0,6.0,115,2.0,2.0,141,60.0,1.0,1.0,54.0,423
7.0,0.0,4.0,4.0,1.0,11.0,0.0,2.0,8.0,1.0,1.0,6.0,116,2.0,2.0,141,62.0,1.0,1.0,54.0,424
7.0,0.0,4.0,4.0,1.0,11.0,0.0,2.0,8.0,3.0,2.0,7.0,115,3.0,3.0,139,59.0,1.0,1.0,53.0,423
4.0,0.0,3.0,4.0,0.0,7.0,0.0,2.0,8.0,1.0,0.0,7.0,108,2.0,2.0,129,61.0,0.0,0.0,53.0,391
7.0,0.0,4.0,4.0,2.0,12.0,1.0,3.0,8.0,1.0,1.0,6.0,111,2.0,2.0,132,60.0,1.0,1.0,52.0,410
4.0,1.0,3.0,4.0,6.0,10.0,0.0,3.0,8.0,5.0,1.0,6.0,109,3.0,4.0,130,62.0,5.0,1.0,52.0,417
4.0,0.0,3.0,4.0,0.0,6.0,0.0,1.0,8.0,1.0,1.0,6.0,106,2.0,2.0,129,60.0,1.0,0.0,52.0,386
7.0,0.0,4.0,4.0,1.0,11.0,0.0,2.0,8.0,1.0,1.0,6.0,116,2.0,2.0,141,62.0,1.0,1.0,54.0,424
7.0,0.0,4.0,4.0,1.0,10.0,0.0,2.0,5.0,0.0,1.0,7.0,100,2.0,2.0,122,48.0,1.0,1.0,46.0,363
7.0,0.0,1.0,2.0,1.0,9.0,0.0,2.0,4.0,1.0,1.0,5.0,96,2.0,2.0,121,45.0,0.0,1.0,44.0,344
11.0,1.0,0.0,3.0,0.0,9.0,0.0,1.0,8.0,0.0,3.0,6.0,104,3.0,5.0,123,64.0,2.0,1.0,50.0,394
9.0,0.0,3.0,3.0,4.0,20.0,1.0,0.0,1.0,2.0,3.0,4.0,83,8.0,3.0,107,42.0,2.0,1.0,37.0,333
7.0,1.0,4.0,6.0,4.0,13.0,1.0,2.0,9.0,6.0,1.0,4.0,107,3.0,2.0,131,58.0,4.0,1.0,49.0,424
7.0,0.0,4.0,4.0,1.0,11.0,0.0,2.0,8.0,1.0,1.0,5.0,102,2.0,2.0,121,55.0,1.0,1.0,47.0,375
4.0,0.0,4.0,2.0,0.0,9.0,0.0,2.0,8.0,1.0,1.0,4.0,88,1.0,1.0,103,51.0,0.0,1.0,41.0,321
8.0,1.0,7.0,5.0,4.0,16.0,0.0,3.0,11.0,10.0,3.0,5.0,98,3.0,6.0,117,57.0,3.0,1.0,46.0,404
7.0,0.0,4.0,4.0,1.0,11.0,0.0,2.0,8.0,1.0,1.0,6.0,92,2.0,2.0,105,50.0,1.0,1.0,42.0,340
2.0,0.0,0.0,0.0,0.0,1.0,0.0,0.0,1.0,0.0,0.0,1.0,61,0.0,1.0,89,27.0,0.0,0.0,29.0,212
11.0,0.0,0.0,2.0,1.0,4.0,1.0,0.0,3.0,0.0,0.0,1.0,82,0.0,1.0,118,27.0,0.0,1.0,39.0,291
1.0,0.0,3.0,4.0,0.0,4.0,0.0,1.0,8.0,1.0,0.0,6.0,102,2.0,2.0,125,60.0,1.0,0.0,50.0,370
16.0,0.0,1.0,2.0,1.0,12.0,5.0,5.0,1.0,19.0,2.0,7.0,125,12.0,11.0,115,54.0,7.0,2.0,37.0,434
10.0,0.0,1.0,2.0,0.0,4.0,0.0,0.0,3.0,1.0,0.0,1.0,89,1.0,2.0,127,32.0,0.0,0.0,43.0,316
28.0,0.0,1.0,2.0,2.0,20.0,8.0,7.0,1.0,19.0,6.0,8.0,124,12.0,10.0,101,50.0,7.0,4.0,31.0,441
6.0,0.0,1.0,1.0,1.0,9.0,0.0,1.0,0.0,0.0,1.0,5.0,68,1.0,1.0,87,30.0,0.0,1.0,30.0,243
6.0,0.0,1.0,1.0,1.0,9.0,0.0,1.0,0.0,0.0,2.0,6.0,68,1.0,2.0,86,28.0,0.0,1.0,30.0,243
9.0,0.0,0.0,2.0,0.0,2.0,1.0,1.0,4.0,0.0,1.0,1.0,77,1.0,1.0,106,26.0,1.0,0.0,37.0,270
14.0,0.0,1.0,2.0,1.0,13.0,2.0,2.0,2.0,9.0,3.0,3.0,78,3.0,14.0,81,35.0,1.0,1.0,27.0,292
1.0,0.0,0.0,0.0,0.0,1.0,0.0,0.0,0.0,0.0,0.0,1.0,48,0.0,0.0,72,22.0,0.0,0.0,25.0,170
7.0,0.0,1.0,1.0,1.0,13.0,2.0,2.0,1.0,1.0,1.0,2.0,53,2.0,1.0,56,23.0,2.0,1.0,21.0,191
7.0,0.0,0.0,1.0,0.0,0.0,0.0,0.0,3.0,0.0,0.0,1.0,61,0.0,0.0,90,19.0,0.0,0.0,30.0,212
8.0,0.0,1.0,2.0,1.0,11.0,1.0,2.0,3.0,3.0,1.0,2.0,51,4.0,2.0,56,23.0,0.0,1.0,22.0,194
8.0,0.0,4.0,4.0,2.0,11.0,0.0,2.0,9.0,1.0,1.0,6.0,118,2.0,2.0,142,63.0,1.0,1.0,54.0,431
6.0,0.0,0.0,1.0,0.0,0.0,0.0,0.0,2.0,0.0,0.0,1.0,41,0.0,0.0,62,11.0,0.0,0.0,21.0,145
4.0,0.0,1.0,2.0,1.0,6.0,0.0,0.0,4.0,0.0,0.0,0.0,26,1.0,2.0,27,12.0,1.0,1.0,8.0,96
1.0,0.0,0.0,0.0,0.0,0.0,0.0,0.0,0.0,0.0,0.0,1.0,21,0.0,0.0,30,9.0,0.0,0.0,11.0,73
4.0,0.0,0.0,1.0,0.0,9.0,0.0,1.0,0.0,0.0,1.0,1.0,21,1.0,1.0,19,5.0,0.0,1.0,8.0,73
6.0,0.0,1.0,0.0,2.0,7.0,0.0,1.0,0.0,0.0,0.0,0.0,12,0.0,0.0,11,2.0,0.0,1.0,2.0,45
5.0,0.0,1.0,0.0,2.0,7.0,0.0,1.0,0.0,0.0,1.0,0.0,13,0.0,0.0,15,2.0,0.0,1.0,3.0,51
7.0,0.0,0.0,1.0,0.0,0.0,0.0,0.0,3.0,0.0,0.0,1.0,31,0.0,0.0,47,4.0,0.0,0.0,16.0,110
6.0,0.0,1.0,1.0,1.0,9.0,0.0,0.0,0.0,0.0,1.0,1.0,27,1.0,1.0,31,7.0,1.0,1.0,10.0,99
