0.000000000000000000e+00,7.412972999999999785e-03,1.073873200000000083e-02
1.247222222166666644e-01,1.141297299999999987e-02,1.573873199999999833e-02
2.486111111666666484e-01,9.412972999999999826e-03,1.273873199999999914e-02
3.719444445000000266e-01,8.412973000000000673e-03,1.273873199999999914e-02
4.958333333333333481e-01,8.412973000000000673e-03,1.173873199999999999e-02
6.194444444999999133e-01,1.041297300000000071e-02,1.373873200000000003e-02
7.433333333333334014e-01,9.412972999999999826e-03,1.273873199999999914e-02
8.672222221666666675e-01,1.041297300000000071e-02,1.273873199999999914e-02
9.911111111666667250e-01,1.141297299999999987e-02,1.273873199999999914e-02
1.114999999999999991e+00,1.241297300000000076e-02,1.573873199999999833e-02
1.238611111166666667e+00,1.241297300000000076e-02,1.573873199999999833e-02
1.362222222166666663e+00,1.241297300000000076e-02,1.673873199999999922e-02
1.485833333333333339e+00,1.141297299999999987e-02,1.373873200000000003e-02
1.609444444500000015e+00,1.141297299999999987e-02,1.373873200000000003e-02
1.733611111666666593e+00,1.341297299999999991e-02,1.673873199999999922e-02
1.857500000000000151e+00,1.341297299999999991e-02,1.673873199999999922e-02
1.981388888333333487e+00,1.141297299999999987e-02,1.373873200000000003e-02
2.105277778333333405e+00,1.141297299999999987e-02,1.373873200000000003e-02
2.228888888333333096e+00,1.441297300000000080e-02,1.773873200000000011e-02
2.352500000000000036e+00,1.641297300000000084e-02,1.973873199999999842e-02
2.475833333333333552e+00,1.641297300000000084e-02,1.973873199999999842e-02
2.599444445000000048e+00,1.141297299999999987e-02,1.473873199999999918e-02
2.722777778333333121e+00,1.341297299999999991e-02,1.673873199999999922e-02
2.846666666666666679e+00,1.341297299999999991e-02,1.673873199999999922e-02
2.970555554999999792e+00,1.641297300000000084e-02,1.973873199999999842e-02
3.094166666666666732e+00,1.341297299999999991e-02,1.673873199999999922e-02
3.217777778333333671e+00,1.341297299999999991e-02,1.673873199999999922e-02
3.341666666666666785e+00,1.441297300000000080e-02,1.673873199999999922e-02
3.465000000000000302e+00,1.241297300000000076e-02,1.473873199999999918e-02
3.588888888333333416e+00,1.241297300000000076e-02,1.473873199999999918e-02
3.712777778333333334e+00,1.141297299999999987e-02,1.473873199999999918e-02
3.836666666666666448e+00,1.241297300000000076e-02,1.473873199999999918e-02
3.960555555000000005e+00,1.241297300000000076e-02,1.473873199999999918e-02
4.084444444999999924e+00,1.341297299999999991e-02,1.673873199999999922e-02
4.208333333333333037e+00,1.141297299999999987e-02,1.473873199999999918e-02
4.331944445000000421e+00,1.341297299999999991e-02,1.673873199999999922e-02
4.461944445000000314e+00,1.141297299999999987e-02,1.573873199999999833e-02
4.585555555000000005e+00,1.341297299999999991e-02,1.773873200000000011e-02
4.709166666666666501e+00,1.441297300000000080e-02,1.673873199999999922e-02
4.833055555000000503e+00,1.141297299999999987e-02,1.473873199999999918e-02
4.956944445000000421e+00,1.241297300000000076e-02,1.473873199999999918e-02
5.080833333333333535e+00,1.441297300000000080e-02,1.673873199999999922e-02
5.204722221666666648e+00,1.341297299999999991e-02,1.673873199999999922e-02
5.328333333333333144e+00,1.641297300000000084e-02,1.873873200000000100e-02
5.452222221666667146e+00,1.541297299999999995e-02,1.673873199999999922e-02
5.575833333333333641e+00,1.441297300000000080e-02,1.773873200000000011e-02
5.699444445000000137e+00,1.241297300000000076e-02,1.473873199999999918e-02
5.823055554999999828e+00,1.241297300000000076e-02,1.473873199999999918e-02
5.946944444999999746e+00,1.241297300000000076e-02,1.473873199999999918e-02
6.070833333333333748e+00,1.341297299999999991e-02,1.573873199999999833e-02
6.194444445000000243e+00,1.241297300000000076e-02,1.573873199999999833e-02
6.318333333333333357e+00,1.341297299999999991e-02,1.673873199999999922e-02
6.442222221666666471e+00,1.241297300000000076e-02,1.573873199999999833e-02
6.565833333333332966e+00,1.441297300000000080e-02,1.673873199999999922e-02
6.689722221666666968e+00,1.341297299999999991e-02,1.573873199999999833e-02
6.813611111666665998e+00,1.441297300000000080e-02,1.773873200000000011e-02
6.937500000000000000e+00,1.441297300000000080e-02,1.773873200000000011e-02
7.060833333333333073e+00,1.441297300000000080e-02,1.773873200000000011e-02
7.184444444999999568e+00,1.441297300000000080e-02,1.673873199999999922e-02
7.308055555000000147e+00,1.241297300000000076e-02,1.573873199999999833e-02
7.431666666666666643e+00,1.241297300000000076e-02,1.473873199999999918e-02
7.555555554999999757e+00,1.241297300000000076e-02,1.573873199999999833e-02
7.679444444999999675e+00,1.541297299999999995e-02,1.773873200000000011e-02
7.802777778333333636e+00,1.341297299999999991e-02,1.573873199999999833e-02
7.926944445000000172e+00,1.641297300000000084e-02,1.873873200000000100e-02
8.050555554999998975e+00,1.841297299999999915e-02,2.173873200000000019e-02
8.174166666666666359e+00,1.541297299999999995e-02,1.673873199999999922e-02
8.297777778333333742e+00,1.341297299999999991e-02,1.573873199999999833e-02
8.421666666666666856e+00,1.541297299999999995e-02,1.773873200000000011e-02
8.545277778333334240e+00,1.341297299999999991e-02,1.573873199999999833e-02
8.668888888333333043e+00,1.541297299999999995e-02,1.773873200000000011e-02
8.792777778333334737e+00,1.541297299999999995e-02,1.773873200000000011e-02
8.916388888333333540e+00,1.641297300000000084e-02,1.873873200000000100e-02
9.039999999999999147e+00,1.241297300000000076e-02,1.573873199999999833e-02
9.163611111666666531e+00,1.341297299999999991e-02,1.573873199999999833e-02
9.287499999999999645e+00,1.641297300000000084e-02,1.773873200000000011e-02
9.411111111666665252e+00,1.341297299999999991e-02,1.573873199999999833e-02
9.534722221666667608e+00,1.341297299999999991e-02,1.573873199999999833e-02
9.658333333333333215e+00,1.541297299999999995e-02,1.773873200000000011e-02
9.782222221666666329e+00,1.541297299999999995e-02,1.773873200000000011e-02
9.905833333333333712e+00,1.341297299999999991e-02,1.573873199999999833e-02
1.002944444499999932e+01,1.341297299999999991e-02,1.673873199999999922e-02
1.015305555499999990e+01,1.341297299999999991e-02,1.573873199999999833e-02
1.027722222166666732e+01,1.641297300000000084e-02,1.873873200000000100e-02
1.040111111166666724e+01,1.441297300000000080e-02,1.673873199999999922e-02
1.052472222166666782e+01,1.541297299999999995e-02,1.773873200000000011e-02
1.064888888833333347e+01,1.541297299999999995e-02,1.673873199999999922e-02
1.077222222166666832e+01,1.641297300000000084e-02,1.873873200000000100e-02
1.089583333333333393e+01,1.641297300000000084e-02,1.773873200000000011e-02
1.102250000000000085e+01,1.641297300000000084e-02,1.773873200000000011e-02
1.114638888833333219e+01,1.341297299999999991e-02,1.673873199999999922e-02
1.127000000000000135e+01,1.641297300000000084e-02,1.773873200000000011e-02
1.139388888833333269e+01,1.441297300000000080e-02,1.773873200000000011e-02
1.151750000000000007e+01,1.641297300000000084e-02,1.873873200000000100e-02
1.164138888833333318e+01,1.341297299999999991e-02,1.673873199999999922e-02
1.176527777833333310e+01,1.641297300000000084e-02,1.873873200000000100e-02
1.188916666666666622e+01,1.641297300000000084e-02,1.873873200000000100e-02
1.201305555499999933e+01,1.741297300000000173e-02,1.873873200000000100e-02
1.213666666666666671e+01,1.641297300000000084e-02,1.873873200000000100e-02
1.226055555499999983e+01,1.741297300000000173e-02,1.873873200000000100e-02
1.238416666666666544e+01,1.741297300000000173e-02,1.873873200000000100e-02
1.250777777833333282e+01,1.541297299999999995e-02,1.773873200000000011e-02
1.263138888833333340e+01,1.341297299999999991e-02,1.773873200000000011e-02
1.275527777833333332e+01,1.741297300000000173e-02,1.973873199999999842e-02
1.287888888833333390e+01,1.641297300000000084e-02,1.973873199999999842e-02
1.300277777833333204e+01,1.741297300000000173e-02,1.973873199999999842e-02
1.312611111166666689e+01,1.641297300000000084e-02,1.873873200000000100e-02
1.324972222166666747e+01,1.441297300000000080e-02,1.773873200000000011e-02
1.337361111166666561e+01,1.841297299999999915e-02,1.973873199999999842e-02
1.349750000000000050e+01,1.641297300000000084e-02,1.973873199999999842e-02
1.362111111166666610e+01,1.741297300000000173e-02,1.973873199999999842e-02
1.374500000000000099e+01,1.741297300000000173e-02,1.873873200000000100e-02
1.386888888833333411e+01,1.741297300000000173e-02,1.873873200000000100e-02
1.399249999999999972e+01,1.741297300000000173e-02,1.873873200000000100e-02
1.411611111166666710e+01,1.741297300000000173e-02,1.973873199999999842e-02
1.423972222166666590e+01,1.641297300000000084e-02,1.873873200000000100e-02
1.436333333333333329e+01,1.641297300000000084e-02,1.773873200000000011e-02
1.448722222166666640e+01,1.641297300000000084e-02,1.873873200000000100e-02
1.461111111166666632e+01,1.641297300000000084e-02,1.773873200000000011e-02
1.473500000000000121e+01,1.741297300000000173e-02,1.973873199999999842e-02
1.485861111166666682e+01,1.841297299999999915e-02,1.973873199999999842e-02
1.498249999999999993e+01,1.741297300000000173e-02,1.973873199999999842e-02
1.510583333333333300e+01,1.841297299999999915e-02,1.973873199999999842e-02
1.522944444500000039e+01,1.641297300000000084e-02,1.873873200000000100e-02
1.535333333333333350e+01,1.841297299999999915e-02,1.973873199999999842e-02
1.547722222166666661e+01,1.741297300000000173e-02,1.973873199999999842e-02
1.560083333333333222e+01,1.641297300000000084e-02,1.873873200000000100e-02
1.572472222166666711e+01,1.641297300000000084e-02,1.873873200000000100e-02
1.584861111166666525e+01,1.841297299999999915e-02,2.073873199999999931e-02
1.597250000000000014e+01,1.641297300000000084e-02,1.773873200000000011e-02
1.609611111166666575e+01,1.841297299999999915e-02,2.073873199999999931e-02
1.622000000000000242e+01,1.741297300000000173e-02,1.973873199999999842e-02
1.634361111166666802e+01,1.941297300000000003e-02,2.073873199999999931e-02
1.646722222166666683e+01,2.041297300000000092e-02,2.273873200000000108e-02
1.659111111166666674e+01,4.541297300000000231e-02,2.073873199999999931e-02
1.671472221666666513e+01,1.641297300000000084e-02,1.973873199999999842e-02
1.683861111666666588e+01,1.841297299999999915e-02,2.173873200000000019e-02
1.696194445000000073e+01,1.941297300000000003e-02,2.173873200000000019e-02
1.708583333333333343e+01,1.841297299999999915e-02,2.073873199999999931e-02
1.720972221666666613e+01,1.741297300000000173e-02,1.973873199999999842e-02
1.733333333333333215e+01,1.941297300000000003e-02,2.173873200000000019e-02
1.745722221666666485e+01,1.841297299999999915e-02,2.073873199999999931e-02
1.758111111666666559e+01,1.841297299999999915e-02,2.073873199999999931e-02
1.770472221666666712e+01,1.641297300000000084e-02,1.973873199999999842e-02
1.782833333333333314e+01,1.741297300000000173e-02,2.073873199999999931e-02
1.795222221666666584e+01,1.941297300000000003e-02,2.173873200000000019e-02
1.807611111666666659e+01,1.941297300000000003e-02,2.173873200000000019e-02
1.819972221666666456e+01,1.741297300000000173e-02,1.973873199999999842e-02
1.832333333333333414e+01,1.841297299999999915e-02,2.073873199999999931e-02
1.844749999999999801e+01,1.741297300000000173e-02,1.973873199999999842e-02
1.857138888333333426e+01,1.841297299999999915e-02,1.973873199999999842e-02
1.869500000000000028e+01,1.641297300000000084e-02,1.973873199999999842e-02
1.881888888333333298e+01,1.741297300000000173e-02,1.973873199999999842e-02
1.894277778333333373e+01,1.941297300000000003e-02,2.173873200000000019e-02
1.906666666666666643e+01,1.741297300000000173e-02,2.073873199999999931e-02
1.919000000000000128e+01,1.741297300000000173e-02,2.073873199999999931e-02
1.931416666666666515e+01,1.741297300000000173e-02,1.973873199999999842e-02
1.943777778333333472e+01,1.741297300000000173e-02,1.973873199999999842e-02
1.956166666666666742e+01,2.441297300000000101e-02,2.473873199999999939e-02
1.968555555000000012e+01,1.741297300000000173e-02,1.973873199999999842e-02
1.980888888333333497e+01,1.741297300000000173e-02,2.073873199999999931e-02
1.993277778333333217e+01,1.941297300000000003e-02,2.173873200000000019e-02
2.005666666666666842e+01,2.041297300000000092e-02,2.173873200000000019e-02
2.018027778333333444e+01,1.741297300000000173e-02,2.073873199999999931e-02
2.030388888333333242e+01,1.741297300000000173e-02,2.073873199999999931e-02
2.042805554999999984e+01,2.041297300000000092e-02,2.173873200000000019e-02
2.055194445000000059e+01,2.041297300000000092e-02,2.173873200000000019e-02
2.067555555000000211e+01,2.041297300000000092e-02,2.173873200000000019e-02
2.079944444999999931e+01,2.041297300000000092e-02,2.273873200000000108e-02
2.092333333333333556e+01,1.841297299999999915e-02,2.073873199999999931e-02
2.104694445000000158e+01,2.141297299999999834e-02,2.173873200000000019e-02
2.117083333333333428e+01,2.041297300000000092e-02,2.273873200000000108e-02
2.129444445000000030e+01,1.941297300000000003e-02,2.173873200000000019e-02
2.141805555000000183e+01,1.841297299999999915e-02,2.073873199999999931e-02
2.154194445000000258e+01,2.441297300000000101e-02,2.473873199999999939e-02
2.166527778333333387e+01,1.741297300000000173e-02,2.073873199999999931e-02
2.178888888333333540e+01,2.141297299999999834e-02,2.273873200000000108e-02
2.191277778333333615e+01,1.741297300000000173e-02,2.073873199999999931e-02
2.203638888333333412e+01,2.041297300000000092e-02,2.173873200000000019e-02
2.216027778333333487e+01,1.841297299999999915e-02,2.073873199999999931e-02
2.228361111666666972e+01,1.841297299999999915e-02,2.173873200000000019e-02
2.240722221666666414e+01,2.541297299999999842e-02,2.473873199999999939e-02
2.253111111666666844e+01,2.141297299999999834e-02,2.173873200000000019e-02
2.265472221666666641e+01,1.741297300000000173e-02,2.073873199999999931e-02
2.277833333333333243e+01,1.941297300000000003e-02,2.073873199999999931e-02
2.290249999999999986e+01,1.841297299999999915e-02,2.073873199999999931e-02
2.302611111666666588e+01,1.941297300000000003e-02,2.073873199999999931e-02
2.314972221666666385e+01,2.141297299999999834e-02,2.273873200000000108e-02
2.327361111666666460e+01,2.541297299999999842e-02,2.573873200000000028e-02
2.339749999999999730e+01,1.841297299999999915e-02,2.073873199999999931e-02
2.352111111666666687e+01,1.941297300000000003e-02,2.073873199999999931e-02
2.364499999999999957e+01,2.141297299999999834e-02,2.373873199999999850e-02
2.376888888333333227e+01,1.841297299999999915e-02,2.173873200000000019e-02
2.389249999999999829e+01,1.941297300000000003e-02,2.173873200000000019e-02
2.401611111666666432e+01,2.241297299999999923e-02,2.273873200000000108e-02
2.414000000000000057e+01,2.141297299999999834e-02,2.373873199999999850e-02
2.426361111666666659e+01,2.041297300000000092e-02,2.273873200000000108e-02
2.438749999999999929e+01,1.941297300000000003e-02,2.173873200000000019e-02
2.451083333333333414e+01,1.941297300000000003e-02,2.273873200000000108e-02
2.463472221666666684e+01,1.941297300000000003e-02,2.173873200000000019e-02
2.475861111666666758e+01,1.941297300000000003e-02,2.173873200000000019e-02
2.488250000000000028e+01,2.141297299999999834e-02,2.373873199999999850e-02
2.500638888333333298e+01,2.141297299999999834e-02,2.373873199999999850e-02
2.512972221666666783e+01,1.941297300000000003e-02,2.173873200000000019e-02
2.525388888333333171e+01,1.941297300000000003e-02,2.173873200000000019e-02
2.537750000000000128e+01,2.041297300000000092e-02,2.173873200000000019e-02
2.550138888333333398e+01,2.041297300000000092e-02,2.173873200000000019e-02
2.562527778333333472e+01,2.241297299999999923e-02,2.373873199999999850e-02
2.574944444999999860e+01,2.241297299999999923e-02,2.273873200000000108e-02
2.587305555000000012e+01,1.941297300000000003e-02,2.173873200000000019e-02
2.599694445000000087e+01,2.241297299999999923e-02,2.473873199999999939e-02
2.612055554999999885e+01,2.441297300000000101e-02,2.373873199999999850e-02
2.624444444999999959e+01,2.141297299999999834e-02,2.273873200000000108e-02
2.636805555000000112e+01,2.341297300000000012e-02,2.273873200000000108e-02
2.649222221666666854e+01,2.041297300000000092e-02,2.173873200000000019e-02
2.661583333333333456e+01,2.241297299999999923e-02,2.373873199999999850e-02
2.674000000000000199e+01,2.241297299999999923e-02,2.373873199999999850e-02
2.686333333333333329e+01,2.141297299999999834e-02,2.273873200000000108e-02
2.698694444999999931e+01,2.341297300000000012e-02,2.373873199999999850e-02
2.711083333333333556e+01,2.341297300000000012e-02,2.373873199999999850e-02
2.723444445000000158e+01,2.241297299999999923e-02,2.373873199999999850e-02
2.735805554999999956e+01,2.341297300000000012e-02,2.373873199999999850e-02
2.748166666666666913e+01,2.341297300000000012e-02,2.373873199999999850e-02
2.760583333333333300e+01,2.241297299999999923e-02,2.273873200000000108e-02
2.772944445000000258e+01,2.341297300000000012e-02,2.473873199999999939e-02
2.785333333333333528e+01,2.541297299999999842e-02,2.473873199999999939e-02
2.797694445000000130e+01,2.041297300000000092e-02,2.173873200000000019e-02
2.810083333333333400e+01,2.541297299999999842e-02,2.473873199999999939e-02
2.822444445000000002e+01,2.241297299999999923e-02,2.373873199999999850e-02
2.834805555000000155e+01,2.341297300000000012e-02,2.373873199999999850e-02
2.847166666666666757e+01,2.041297300000000092e-02,2.273873200000000108e-02
2.859527778333333359e+01,2.141297299999999834e-02,2.173873200000000019e-02
2.871916666666666984e+01,2.041297300000000092e-02,2.173873200000000019e-02
2.884305554999999899e+01,2.241297299999999923e-02,2.373873199999999850e-02
2.896694445000000329e+01,2.341297300000000012e-02,2.373873199999999850e-02
2.909083333333333243e+01,2.141297299999999834e-02,2.273873200000000108e-02
2.921444444999999845e+01,2.241297299999999923e-02,2.373873199999999850e-02
2.933833333333333115e+01,2.341297300000000012e-02,2.473873199999999939e-02
2.946222221666666385e+01,2.141297299999999834e-02,2.273873200000000108e-02
2.958611111666666460e+01,2.341297300000000012e-02,2.473873199999999939e-02
2.970999999999999730e+01,2.141297299999999834e-02,2.273873200000000108e-02
2.983361111666666687e+01,2.741297300000000020e-02,2.573873200000000028e-02
2.995749999999999957e+01,2.141297299999999834e-02,2.373873199999999850e-02
3.008111111666666559e+01,2.441297300000000101e-02,2.573873200000000028e-02
3.020499999999999829e+01,2.341297300000000012e-02,2.373873199999999850e-02
3.032888888333333099e+01,2.241297299999999923e-02,2.473873199999999939e-02
3.045277778333333174e+01,2.141297299999999834e-02,2.273873200000000108e-02
3.057638888333333327e+01,2.141297299999999834e-02,2.373873199999999850e-02
3.070055555000000069e+01,2.441297300000000101e-02,2.473873199999999939e-02
3.082444444999999789e+01,2.141297299999999834e-02,2.373873199999999850e-02
3.094805554999999941e+01,2.141297299999999834e-02,2.273873200000000108e-02
3.107194445000000016e+01,2.241297299999999923e-02,2.373873199999999850e-02
3.119583333333333286e+01,2.741297300000000020e-02,2.573873200000000028e-02
3.131944444999999888e+01,2.441297300000000101e-02,2.473873199999999939e-02
3.144305555000000041e+01,2.441297300000000101e-02,2.473873199999999939e-02
3.156666666666666643e+01,2.341297300000000012e-02,2.473873199999999939e-02
3.169055554999999913e+01,2.741297300000000020e-02,2.673873200000000117e-02
3.181416666666666515e+01,2.441297300000000101e-02,2.573873200000000028e-02
3.193750000000000000e+01,2.241297299999999923e-02,2.473873199999999939e-02
3.206138888333332915e+01,2.441297300000000101e-02,2.473873199999999939e-02
3.218527778333333345e+01,2.141297299999999834e-02,2.373873199999999850e-02
3.230861111666666829e+01,2.541297299999999842e-02,2.473873199999999939e-02
3.243249999999999744e+01,2.241297299999999923e-02,2.373873199999999850e-02
3.255638888333333369e+01,2.241297299999999923e-02,2.373873199999999850e-02
3.267999999999999972e+01,2.441297300000000101e-02,2.573873200000000028e-02
3.280388888333332886e+01,2.241297299999999923e-02,2.473873199999999939e-02
3.292750000000000199e+01,2.541297299999999842e-02,2.573873200000000028e-02
3.305138888333333114e+01,2.841297300000000109e-02,2.773873199999999858e-02
3.317527778333333544e+01,2.641297299999999931e-02,2.673873200000000117e-02
3.329888888333333341e+01,2.541297299999999842e-02,2.673873200000000117e-02
3.342277778333333060e+01,2.241297299999999923e-02,2.373873199999999850e-02
3.354638888333333568e+01,2.341297300000000012e-02,2.473873199999999939e-02
3.367000000000000171e+01,2.641297299999999931e-02,2.673873200000000117e-02
3.379388888333333085e+01,2.241297299999999923e-02,2.373873199999999850e-02
3.391777778333333515e+01,2.241297299999999923e-02,2.373873199999999850e-02
3.404166666666666430e+01,2.541297299999999842e-02,2.573873200000000028e-02
3.416527778333333032e+01,2.241297299999999923e-02,2.373873199999999850e-02
3.428916666666666657e+01,2.941297299999999851e-02,2.773873199999999858e-02
3.441305554999999572e+01,2.641297299999999931e-02,2.573873200000000028e-02
3.453666666666666174e+01,2.641297299999999931e-02,2.573873200000000028e-02
3.466027778333332776e+01,2.541297299999999842e-02,2.573873200000000028e-02
3.478388888333333284e+01,2.541297299999999842e-02,2.573873200000000028e-02
3.490749999999999886e+01,2.641297299999999931e-02,2.673873200000000117e-02
3.503138888333333512e+01,2.541297299999999842e-02,2.573873200000000028e-02
3.515500000000000114e+01,2.641297299999999931e-02,2.573873200000000028e-02
3.527861111666666716e+01,2.641297299999999931e-02,2.573873200000000028e-02
3.540277778333333458e+01,2.641297299999999931e-02,2.573873200000000028e-02
3.552666666666666373e+01,2.541297299999999842e-02,2.673873200000000117e-02
3.565027778333332975e+01,2.441297300000000101e-02,2.473873199999999939e-02
3.577416666666666600e+01,2.841297300000000109e-02,2.773873199999999858e-02
3.589805555000000226e+01,2.641297299999999931e-02,2.673873200000000117e-02
3.602166666666666828e+01,2.441297300000000101e-02,2.473873199999999939e-02
3.614583333333333570e+01,2.641297299999999931e-02,2.673873200000000117e-02
3.626972221666666485e+01,2.641297299999999931e-02,2.673873200000000117e-02
3.639361111666666204e+01,2.641297299999999931e-02,2.673873200000000117e-02
3.651722221666666712e+01,2.441297300000000101e-02,2.573873200000000028e-02
3.664111111666667142e+01,2.341297300000000012e-02,2.573873200000000028e-02
3.676500000000000057e+01,2.941297299999999851e-02,2.773873199999999858e-02
3.688916666666666799e+01,2.841297300000000109e-02,2.673873200000000117e-02
3.701277778333333401e+01,2.541297299999999842e-02,2.573873200000000028e-02
3.713666666666666316e+01,2.941297299999999851e-02,2.773873199999999858e-02
3.726055555000000652e+01,2.641297299999999931e-02,2.573873200000000028e-02
3.738416666666667254e+01,2.741297300000000020e-02,2.673873200000000117e-02
3.750777778333333856e+01,2.441297300000000101e-02,2.573873200000000028e-02
3.763166666666666771e+01,2.741297300000000020e-02,2.673873200000000117e-02
3.775527778333333373e+01,2.741297300000000020e-02,2.773873199999999858e-02
3.787916666666666998e+01,2.841297300000000109e-02,2.773873199999999858e-02
3.800305554999999913e+01,2.841297300000000109e-02,2.773873199999999858e-02
3.812666666666666515e+01,2.841297300000000109e-02,2.773873199999999858e-02
3.825027778333333117e+01,2.541297299999999842e-02,2.673873200000000117e-02
3.837388888333332915e+01,2.741297300000000020e-02,2.773873199999999858e-02
3.849777778333332634e+01,2.741297300000000020e-02,2.773873199999999858e-02
3.862166666666666970e+01,2.641297299999999931e-02,2.673873200000000117e-02
3.874527778333333572e+01,2.541297299999999842e-02,2.673873200000000117e-02
3.886916666666666487e+01,3.041297299999999940e-02,2.873873199999999947e-02
3.899333333333333229e+01,2.841297300000000109e-02,2.773873199999999858e-02
3.911666666666666714e+01,2.541297299999999842e-02,2.773873199999999858e-02
3.924055554999999629e+01,2.441297300000000101e-02,2.573873200000000028e-02
3.936444444999999348e+01,3.041297299999999940e-02,2.873873199999999947e-02
3.948805554999999856e+01,2.941297299999999851e-02,2.873873199999999947e-02
3.961166666666666458e+01,2.841297300000000109e-02,2.773873199999999858e-02
3.973555555000000084e+01,2.741297300000000020e-02,2.773873199999999858e-02
3.985944444999999803e+01,2.941297299999999851e-02,2.873873199999999947e-02
3.998333333333333428e+01,2.641297299999999931e-02,2.773873199999999858e-02
4.010694445000000030e+01,2.541297299999999842e-02,2.773873199999999858e-02
4.023055554999999828e+01,2.541297299999999842e-02,2.673873200000000117e-02
4.035416666666666430e+01,2.641297299999999931e-02,2.673873200000000117e-02
4.047777778333333032e+01,2.941297299999999851e-02,2.873873199999999947e-02
4.060166666666666657e+01,2.941297299999999851e-02,2.973873200000000036e-02
4.072527778333333259e+01,3.041297299999999940e-02,2.973873200000000036e-02
4.084888888333333057e+01,3.041297299999999940e-02,2.973873200000000036e-02
4.097249999999999659e+01,2.741297300000000020e-02,2.773873199999999858e-02
4.109638888333333284e+01,2.941297299999999851e-02,2.873873199999999947e-02
4.121999999999999886e+01,2.641297299999999931e-02,2.773873199999999858e-02
4.134361111666666488e+01,2.641297299999999931e-02,2.673873200000000117e-02
4.146750000000000114e+01,2.941297299999999851e-02,2.973873200000000036e-02
4.159138888333333739e+01,2.741297300000000020e-02,2.773873199999999858e-02
4.171500000000000341e+01,2.641297299999999931e-02,2.873873199999999947e-02
4.183916666666666373e+01,3.041297299999999940e-02,2.873873199999999947e-02
4.196305554999999998e+01,3.041297299999999940e-02,2.973873200000000036e-02
4.208666666666666600e+01,2.741297300000000020e-02,2.873873199999999947e-02
4.221055555000000226e+01,2.641297299999999931e-02,2.873873199999999947e-02
4.233444444999999945e+01,3.141297299999999681e-02,3.073873200000000125e-02
4.245944444999999945e+01,3.041297299999999940e-02,3.073873200000000125e-02
4.258388888333333000e+01,2.841297300000000109e-02,2.873873199999999947e-02
4.270749999999999602e+01,3.141297299999999681e-02,3.073873200000000125e-02
4.283138888333333938e+01,3.041297299999999940e-02,2.973873200000000036e-02
4.295527778333333657e+01,3.041297299999999940e-02,2.973873200000000036e-02
4.307888888333333455e+01,3.241297299999999770e-02,3.073873200000000125e-02
4.320277778333333174e+01,2.741297300000000020e-02,2.873873199999999947e-02
4.332666666666666799e+01,3.041297299999999940e-02,2.973873200000000036e-02
4.345055554999999714e+01,3.141297299999999681e-02,3.173873199999999867e-02
4.357416666666666316e+01,3.141297299999999681e-02,3.073873200000000125e-02
4.369805555000000652e+01,3.141297299999999681e-02,3.073873200000000125e-02
4.382138888333333426e+01,3.241297299999999770e-02,3.073873200000000125e-02
4.394500000000000028e+01,3.141297299999999681e-02,3.173873199999999867e-02
4.406888888333333654e+01,3.041297299999999940e-02,3.073873200000000125e-02
4.419250000000000256e+01,3.141297299999999681e-02,3.173873199999999867e-02
4.431611111666666858e+01,3.141297299999999681e-02,3.073873200000000125e-02
4.443972221666667366e+01,3.241297299999999770e-02,3.173873199999999867e-02
4.456333333333333968e+01,3.241297299999999770e-02,3.273873199999999956e-02
4.468694445000000570e+01,3.141297299999999681e-02,3.173873199999999867e-02
4.481083333333333485e+01,3.241297299999999770e-02,3.173873199999999867e-02
4.493472221666666400e+01,3.641297300000000126e-02,3.373873200000000044e-02
4.505833333333333002e+01,3.241297299999999770e-02,3.173873199999999867e-02
4.518166666666666487e+01,3.141297299999999681e-02,3.273873199999999956e-02
4.530555555000000112e+01,3.341297299999999859e-02,3.273873199999999956e-02
4.542944444999999831e+01,3.341297299999999859e-02,3.173873199999999867e-02
4.555277778333333316e+01,3.241297299999999770e-02,3.173873199999999867e-02
4.567638888333333114e+01,2.941297299999999851e-02,3.273873199999999956e-02
4.579999999999999716e+01,3.241297299999999770e-02,3.273873199999999956e-02
4.592388888333333341e+01,3.341297299999999859e-02,3.273873199999999956e-02
4.604777778333333060e+01,3.341297299999999859e-02,3.273873199999999956e-02
4.617138888333332858e+01,3.541297300000000037e-02,3.273873199999999956e-02
4.629527778333333288e+01,3.341297299999999859e-02,3.373873200000000044e-02
4.641861111666666062e+01,3.341297299999999859e-02,3.273873199999999956e-02
4.654250000000000398e+01,3.041297299999999940e-02,3.273873199999999956e-02
4.666611111666667000e+01,3.341297299999999859e-02,3.273873199999999956e-02
4.678999999999999915e+01,3.541297300000000037e-02,3.373873200000000044e-02
4.691333333333333400e+01,3.341297299999999859e-02,3.373873200000000044e-02
4.703722221666667025e+01,3.141297299999999681e-02,3.273873199999999956e-02
4.716083333333333627e+01,3.441297299999999948e-02,3.373873200000000044e-02
4.728444445000000229e+01,3.441297299999999948e-02,3.373873200000000044e-02
4.740833333333333144e+01,3.441297299999999948e-02,3.373873200000000044e-02
4.753166666666666629e+01,3.441297299999999948e-02,3.373873200000000044e-02
4.765555555000000254e+01,3.441297299999999948e-02,3.373873200000000044e-02
4.777944444999999973e+01,3.441297299999999948e-02,3.373873200000000044e-02
4.790277778333333458e+01,3.241297299999999770e-02,3.373873200000000044e-02
4.802638888333333256e+01,3.441297299999999948e-02,3.473873200000000133e-02
4.815027778333332975e+01,3.541297300000000037e-02,3.473873200000000133e-02
4.827416666666666600e+01,3.841297300000000303e-02,3.673873200000000311e-02
4.839805555000000226e+01,3.541297300000000037e-02,3.473873200000000133e-02
4.852138888333333000e+01,3.341297299999999859e-02,3.373873200000000044e-02
4.864499999999999602e+01,3.641297300000000126e-02,3.473873200000000133e-02
4.876888888333333938e+01,3.241297299999999770e-02,3.473873200000000133e-02
4.889250000000000540e+01,3.541297300000000037e-02,3.573873200000000222e-02
4.901611111666667142e+01,3.541297300000000037e-02,3.573873200000000222e-02
4.913972221666666940e+01,3.541297300000000037e-02,3.473873200000000133e-02
4.926333333333333542e+01,3.641297300000000126e-02,3.573873200000000222e-02
4.938694445000000144e+01,3.841297300000000303e-02,3.573873200000000222e-02
4.951083333333333769e+01,3.641297300000000126e-02,4.473873200000000327e-02
4.963499999999999801e+01,3.741297300000000214e-02,3.673873200000000311e-02
4.975833333333333286e+01,3.441297299999999948e-02,3.573873200000000222e-02
4.988250000000000028e+01,3.741297300000000214e-02,3.673873200000000311e-02
5.000638888333333654e+01,3.441297299999999948e-02,3.573873200000000222e-02
5.013000000000000256e+01,3.641297300000000126e-02,3.673873200000000311e-02
5.025388888333333881e+01,3.841297300000000303e-02,3.673873200000000311e-02
5.037805554999999913e+01,3.441297299999999948e-02,3.673873200000000311e-02
5.050138888333333398e+01,3.541297300000000037e-02,3.673873200000000311e-02
5.062555554999999430e+01,3.741297300000000214e-02,3.773873199999999706e-02
5.074944445000000570e+01,3.841297300000000303e-02,3.773873199999999706e-02
5.087305555000000368e+01,4.141297299999999876e-02,3.873873199999999795e-02
5.099666666666666970e+01,3.841297300000000303e-02,3.773873199999999706e-02
5.112027778333333572e+01,3.841297300000000303e-02,3.773873199999999706e-02
5.124388888333333369e+01,3.941297299999999698e-02,3.873873199999999795e-02
5.136749999999999972e+01,3.541297300000000037e-02,3.773873199999999706e-02
5.149138888333333597e+01,4.041297299999999787e-02,3.873873199999999795e-02
5.161527778333333316e+01,3.841297300000000303e-02,3.873873199999999795e-02
5.173888888333333114e+01,4.041297299999999787e-02,3.873873199999999795e-02
5.186277778333332833e+01,3.641297300000000126e-02,3.873873199999999795e-02
5.199000000000000199e+01,4.041297299999999787e-02,3.973873199999999883e-02
5.211388888333333114e+01,3.941297299999999698e-02,3.873873199999999795e-02
5.223777778333332833e+01,4.241297299999999965e-02,3.973873199999999883e-02
5.236138888333333341e+01,4.041297299999999787e-02,3.873873199999999795e-02
5.248499999999999943e+01,3.741297300000000214e-02,3.873873199999999795e-02
5.260861111666666545e+01,3.741297300000000214e-02,3.873873199999999795e-02
5.273277778333333288e+01,4.141297299999999876e-02,3.973873199999999883e-02
5.285638888333333796e+01,3.841297300000000303e-02,3.973873199999999883e-02
5.298000000000000398e+01,4.441297300000000142e-02,4.173873200000000061e-02
5.310416666666666430e+01,3.841297300000000303e-02,4.073873199999999972e-02
5.322777778333333032e+01,4.041297299999999787e-02,3.973873199999999883e-02
5.335111111666666517e+01,4.241297299999999965e-02,4.173873200000000061e-02
5.347527778333333259e+01,5.841297299999999998e-02,4.273873200000000150e-02
5.359916666666666174e+01,4.241297299999999965e-02,4.173873200000000061e-02
5.372249999999999659e+01,4.341297300000000053e-02,4.273873200000000150e-02
5.384611111666666261e+01,3.941297299999999698e-02,4.173873200000000061e-02
5.396999999999999886e+01,4.241297299999999965e-02,4.373873200000000239e-02
5.409361111666666488e+01,4.341297300000000053e-02,4.373873200000000239e-02
5.421750000000000114e+01,4.341297300000000053e-02,4.373873200000000239e-02
5.434111111666666716e+01,4.141297299999999876e-02,4.373873200000000239e-02
5.446472221666667224e+01,4.341297300000000053e-02,4.373873200000000239e-02
5.458861111666666943e+01,4.441297300000000142e-02,4.373873200000000239e-02
5.471249999999999858e+01,4.141297299999999876e-02,4.373873200000000239e-02
5.483611111666666460e+01,4.441297300000000142e-02,4.473873200000000327e-02
5.496027778333333202e+01,4.241297299999999965e-02,4.473873200000000327e-02
5.508388888333333000e+01,4.541297300000000231e-02,4.473873200000000327e-02
5.520777778333333430e+01,4.241297299999999965e-02,4.473873200000000327e-02
5.533166666666667055e+01,4.741297299999999715e-02,4.573873199999999722e-02
5.545555554999999970e+01,4.541297300000000231e-02,4.573873199999999722e-02
5.557916666666666572e+01,4.641297300000000320e-02,4.573873199999999722e-02
5.570305555000000197e+01,4.641297300000000320e-02,4.673873199999999811e-02
5.582694444999999916e+01,4.641297300000000320e-02,4.773873199999999900e-02
5.595055554999999714e+01,4.641297300000000320e-02,4.773873199999999900e-02
5.607444445000000144e+01,4.341297300000000053e-02,4.673873199999999811e-02
5.619805555000000652e+01,4.741297299999999715e-02,4.773873199999999900e-02
5.632166666666667254e+01,4.441297300000000142e-02,4.773873199999999900e-02
5.644500000000000028e+01,4.841297299999999804e-02,4.873873199999999989e-02
5.656916666666666771e+01,4.841297299999999804e-02,4.873873199999999989e-02
5.669277778333333373e+01,4.641297300000000320e-02,4.773873199999999900e-02
5.681666666666666998e+01,5.441297300000000337e-02,5.173873200000000255e-02
5.694000000000000483e+01,4.941297299999999892e-02,5.073873200000000167e-02
5.706361111666667085e+01,4.641297300000000320e-02,5.073873200000000167e-02
5.718750000000000000e+01,5.041297299999999981e-02,5.473873199999999828e-02
5.731138888333332915e+01,5.241297300000000159e-02,5.173873200000000255e-02
5.743499999999999517e+01,4.841297299999999804e-02,5.173873200000000255e-02
5.755888888333333142e+01,5.141297300000000070e-02,5.173873200000000255e-02
5.768249999999999744e+01,5.141297300000000070e-02,5.273873200000000344e-02
5.780611111666666346e+01,5.141297300000000070e-02,5.273873200000000344e-02
5.792972221666666144e+01,5.641297299999999820e-02,5.373873199999999739e-02
5.805361111666666574e+01,5.241297300000000159e-02,5.373873199999999739e-02
5.817750000000000199e+01,5.041297299999999981e-02,5.373873199999999739e-02
5.830138888333333114e+01,5.041297299999999981e-02,5.373873199999999739e-02
5.842555554999999856e+01,5.441297300000000337e-02,5.573873199999999917e-02
5.854916666666666458e+01,5.441297300000000337e-02,5.573873199999999917e-02
5.867277778333333060e+01,5.541297299999999731e-02,5.573873199999999917e-02
5.879638888333332858e+01,5.541297299999999731e-02,5.673873200000000006e-02
5.891999999999999460e+01,5.641297299999999820e-02,6.173873199999999756e-02
5.904361111666666062e+01,5.741297299999999909e-02,5.773873200000000094e-02
5.916722221666666570e+01,5.441297300000000337e-02,5.873873200000000183e-02
5.929111111666667000e+01,5.841297299999999998e-02,5.873873200000000183e-02
5.941527778333333032e+01,5.541297299999999731e-02,5.873873200000000183e-02
5.953916666666666657e+01,6.141297300000000264e-02,5.973873200000000272e-02
5.966277778333333259e+01,5.641297299999999820e-02,5.973873200000000272e-02
5.978611111666666744e+01,5.541297299999999731e-02,6.073873199999999667e-02
5.990999999999999659e+01,6.041297300000000176e-02,6.173873199999999756e-02
6.003388888333333284e+01,6.041297300000000176e-02,6.173873199999999756e-02
6.015749999999999886e+01,6.441297299999999837e-02,6.473873199999999328e-02
6.028111111666666488e+01,6.541297299999999926e-02,6.573873199999999417e-02
6.040444444999999973e+01,5.841297299999999998e-02,6.373873200000000627e-02
6.052805554999999771e+01,5.941297300000000087e-02,6.473873199999999328e-02
6.065194444999999490e+01,6.041297300000000176e-02,6.473873199999999328e-02
6.077555554999999998e+01,6.041297300000000176e-02,6.573873199999999417e-02
6.089916666666666600e+01,6.141297300000000264e-02,6.673873199999999506e-02
6.102305555000000226e+01,6.441297299999999837e-02,6.773873199999999595e-02
6.114694444999999945e+01,6.541297299999999926e-02,6.873873199999999684e-02
6.127027778333333430e+01,6.541297299999999926e-02,7.073873199999999861e-02
6.139388888333333938e+01,6.641297300000000015e-02,7.073873199999999861e-02
6.151750000000000540e+01,6.241297299999999659e-02,7.073873199999999861e-02
6.164111111666667142e+01,6.441297299999999837e-02,6.973873199999999772e-02
6.176527778333333174e+01,7.141297300000000459e-02,7.273873200000000039e-02
6.188916666666666799e+01,6.641297300000000015e-02,7.273873200000000039e-02
6.201250000000000284e+01,6.541297299999999926e-02,7.373873200000000128e-02
6.213611111666666886e+01,6.841297300000000192e-02,7.573873200000000305e-02
6.226027778333332918e+01,7.441297299999999337e-02,7.773873200000000483e-02
6.238388888333333426e+01,7.041297300000000370e-02,7.673873200000000394e-02
6.250750000000000028e+01,6.841297300000000192e-02,7.773873200000000483e-02
6.263111111666666631e+01,7.341297300000000636e-02,7.873873200000000572e-02
6.275500000000000256e+01,7.041297300000000370e-02,7.973873200000000661e-02
6.287833333333333030e+01,7.241297300000000547e-02,8.273873199999999539e-02
6.300222221666667366e+01,7.541297299999999426e-02,8.173873199999999450e-02
6.312611111666667085e+01,7.241297300000000547e-02,8.173873199999999450e-02
6.325027778333333117e+01,7.841297299999999693e-02,8.373873199999999628e-02
6.337416666666666032e+01,7.941297299999999781e-02,8.473873199999999717e-02
6.349777778333332634e+01,7.941297299999999781e-02,8.573873199999999806e-02
6.362138888333333142e+01,7.841297299999999693e-02,8.673873199999999895e-02
6.374499999999999744e+01,7.541297299999999426e-02,8.773873199999999983e-02
6.386861111666666346e+01,7.841297299999999693e-02,8.873873200000000072e-02
6.399249999999999972e+01,8.241297300000000048e-02,9.273873200000000427e-02
6.411611111666667284e+01,8.141297299999999959e-02,9.173873200000000339e-02
6.423972221666666371e+01,8.241297300000000048e-02,9.273873200000000427e-02
6.436361111666666091e+01,8.241297300000000048e-02,9.473873200000000605e-02
6.448749999999999716e+01,8.041297299999999870e-02,9.573873200000000694e-02
6.461138888333333341e+01,8.441297300000000225e-02,9.673873199999999395e-02
6.473499999999999943e+01,8.641297300000000403e-02,9.873873199999999573e-02
6.485888888333333568e+01,8.741297300000000492e-02,9.973873199999999661e-02
6.498250000000000171e+01,8.741297300000000492e-02,1.007387319999999975e-01
6.510611111666666773e+01,9.041297299999999371e-02,1.047387320000000011e-01
6.523000000000000398e+01,8.641297300000000403e-02,1.037387320000000002e-01
6.535333333333332462e+01,9.441297299999999726e-02,1.057387320000000019e-01
6.547722221666667508e+01,9.541297299999999815e-02,1.087387320000000046e-01
6.560083333333334110e+01,9.141297299999999459e-02,1.087387320000000046e-01
6.572416666666666174e+01,9.541297299999999815e-02,1.097387320000000055e-01
6.584777778333332776e+01,9.041297299999999371e-02,1.107387320000000064e-01
6.597138888333333284e+01,9.541297299999999815e-02,1.137387319999999952e-01
6.609527778333333004e+01,9.441297299999999726e-02,1.157387319999999969e-01
6.621888888333333512e+01,9.541297299999999815e-02,1.147387319999999961e-01
6.634250000000000114e+01,1.024129730000000044e-01,1.187387319999999996e-01
6.646611111666666716e+01,1.014129730000000035e-01,1.197387320000000005e-01
6.659000000000000341e+01,1.014129730000000035e-01,1.217387320000000023e-01
6.671388888333333966e+01,1.034129730000000053e-01,1.227387320000000032e-01
6.683750000000000568e+01,1.044129730000000061e-01,1.257387319999999920e-01
6.696138888333332773e+01,1.074129729999999949e-01,1.287387319999999946e-01
6.708499999999999375e+01,1.024129730000000044e-01,1.277387319999999937e-01
6.720861111666665977e+01,1.074129729999999949e-01,1.307387319999999964e-01
6.733277778333334140e+01,1.094129729999999967e-01,1.327387319999999982e-01
6.745666666666666345e+01,1.134129730000000003e-01,1.337387319999999991e-01
6.758027778333332947e+01,1.094129729999999967e-01,1.347387319999999999e-01
6.770388888333333455e+01,1.134129730000000003e-01,1.377387320000000026e-01
6.782750000000000057e+01,1.154129730000000020e-01,1.397387320000000044e-01
6.795111111666666659e+01,1.144129730000000011e-01,1.407387320000000053e-01
6.807500000000000284e+01,1.164129730000000029e-01,1.427387320000000070e-01
6.819833333333333769e+01,1.154129730000000020e-01,1.447387320000000088e-01
6.832194445000000371e+01,1.194129730000000056e-01,1.467387320000000106e-01
6.844583333333333997e+01,1.184129730000000047e-01,1.487387320000000124e-01
6.856972221666666201e+01,1.214129729999999935e-01,1.507387319999999864e-01
6.869361111666667341e+01,1.204129730000000065e-01,1.527387319999999882e-01
6.881722221666667849e+01,1.214129729999999935e-01,1.557387319999999908e-01
6.894138888333333171e+01,1.244129729999999961e-01,1.557387319999999908e-01
6.906527778333334311e+01,1.234129729999999953e-01,1.577387319999999926e-01
6.918916666666667936e+01,1.294129729999999867e-01,1.617387319999999962e-01
6.931305555000000140e+01,1.324129729999999894e-01,1.617387319999999962e-01
6.943694444999999860e+01,1.334129729999999903e-01,1.647387319999999988e-01
6.956055554999998947e+01,1.364129729999999929e-01,1.657387319999999997e-01
6.968416666666666970e+01,1.364129729999999929e-01,1.677387320000000015e-01
6.980805555000000595e+01,1.394129729999999956e-01,1.697387320000000033e-01
6.993166666666665776e+01,1.414129729999999974e-01,1.727387320000000059e-01
7.005555554999999401e+01,1.384129729999999947e-01,1.757387320000000086e-01
7.017888888333332886e+01,1.414129729999999974e-01,1.747387320000000077e-01
7.030277778333334027e+01,1.484129730000000036e-01,1.797387320000000122e-01
7.042638888333333114e+01,1.474129730000000027e-01,1.827387319999999871e-01
7.054999999999999716e+01,1.504129730000000054e-01,1.847387319999999888e-01
7.067388888333333341e+01,1.474129730000000027e-01,1.847387319999999888e-01
7.079749999999999943e+01,1.494129730000000045e-01,1.857387319999999897e-01
7.092138888333333568e+01,1.584129730000000125e-01,1.907387319999999942e-01
7.104500000000000171e+01,1.544129730000000089e-01,1.947387319999999977e-01
7.116833333333333655e+01,1.584129730000000125e-01,1.967387319999999995e-01
7.129222221666667281e+01,1.634129729999999892e-01,1.987387320000000013e-01
7.141611111666665579e+01,1.614129729999999874e-01,1.997387320000000022e-01
7.153944445000000485e+01,1.634129729999999892e-01,2.037387320000000057e-01
7.166305555000000993e+01,1.644129729999999900e-01,2.057387320000000075e-01
7.178694444999999291e+01,1.694129729999999945e-01,2.087387320000000102e-01
7.191083333333332916e+01,1.684129729999999936e-01,2.107387320000000119e-01
7.203444444999999519e+01,1.724129729999999971e-01,2.147387319999999877e-01
7.215833333333333144e+01,1.754129729999999998e-01,2.177387319999999904e-01
7.228222221666666769e+01,1.734129729999999980e-01,2.187387319999999913e-01
7.240583333333333371e+01,1.784129730000000025e-01,2.217387319999999939e-01
7.253000000000000114e+01,1.794129730000000034e-01,2.227387319999999948e-01
7.265361111666666716e+01,1.834129730000000069e-01,2.287387320000000002e-01
7.277722221666665803e+01,1.884129730000000114e-01,2.347387320000000055e-01
7.290083333333333826e+01,1.854129730000000087e-01,2.417387320000000117e-01
7.302444444999999007e+01,1.914129729999999863e-01,2.497387319999999911e-01
7.314805554999999515e+01,1.924129729999999872e-01,2.557387320000000241e-01
7.327166666666667538e+01,1.944129729999999889e-01,2.577387320000000259e-01
7.339527778333332719e+01,1.974129729999999916e-01,2.617387319999999740e-01
7.351916666666666345e+01,2.014129729999999951e-01,2.627387319999999749e-01
7.364277778333332947e+01,2.004129729999999943e-01,2.647387319999999766e-01
7.376638888333333455e+01,1.994129729999999934e-01,2.677387319999999793e-01
7.389027778333334595e+01,2.024129729999999960e-01,2.677387319999999793e-01
7.401416666666666799e+01,2.014129729999999951e-01,2.697387319999999811e-01
7.413777778333333401e+01,2.024129729999999960e-01,2.717387319999999828e-01
7.426166666666667027e+01,2.084129730000000014e-01,2.727387319999999837e-01
7.438555554999999231e+01,2.064129729999999996e-01,2.727387319999999837e-01
7.450944445000000371e+01,2.084129730000000014e-01,2.747387319999999855e-01
7.463305555000000879e+01,2.114129730000000040e-01,2.747387319999999855e-01
7.475694445000000599e+01,2.174129730000000094e-01,2.757387319999999864e-01
7.488055554999999686e+01,2.194129730000000111e-01,2.777387319999999882e-01
7.500444444999999405e+01,2.264129729999999896e-01,2.777387319999999882e-01
7.512805554999999913e+01,2.274129729999999905e-01,2.797387319999999900e-01
7.525194445000001053e+01,2.324129729999999949e-01,2.807387319999999908e-01
7.537583333333333258e+01,2.434129730000000047e-01,2.807387319999999908e-01
7.549972221666666883e+01,2.464129730000000074e-01,2.817387319999999917e-01
7.562333333333332064e+01,2.494129730000000100e-01,2.827387319999999926e-01
7.574722221666665689e+01,2.514129729999999840e-01,2.847387319999999944e-01
7.587083333333333712e+01,2.514129729999999840e-01,2.857387319999999953e-01
7.599444445000000314e+01,2.524129729999999849e-01,2.877387319999999971e-01
7.611833333333333940e+01,2.604129729999999920e-01,2.877387319999999971e-01
7.624194444999999121e+01,2.564129729999999885e-01,2.887387319999999979e-01
7.636583333333332746e+01,2.604129729999999920e-01,2.897387319999999988e-01
7.648972221666666371e+01,2.614129729999999929e-01,2.917387320000000006e-01
7.661361111666666091e+01,2.624129729999999938e-01,2.927387320000000015e-01
7.673749999999999716e+01,2.644129729999999956e-01,2.917387320000000006e-01
7.686138888333333341e+01,2.694129730000000000e-01,2.937387320000000024e-01
7.699055554999999629e+01,2.714129730000000018e-01,2.947387320000000033e-01
7.711416666666667652e+01,2.734129730000000036e-01,2.957387320000000042e-01
7.723805554999999856e+01,2.784129730000000080e-01,2.957387320000000042e-01
7.736166666666666458e+01,2.734129730000000036e-01,2.987387320000000068e-01
7.748527778333333060e+01,2.744129730000000045e-01,2.997387320000000077e-01
7.760888888333333568e+01,2.754129730000000054e-01,3.007387320000000086e-01
7.773277778333333288e+01,2.754129730000000054e-01,2.997387320000000077e-01
7.785694445000000030e+01,2.814129730000000107e-01,3.007387320000000086e-01
7.798055554999999117e+01,2.834129730000000125e-01,3.037387320000000113e-01
7.810416666666667140e+01,2.814129730000000107e-01,3.037387320000000113e-01
7.822777778333333742e+01,2.914129730000000196e-01,3.037387320000000113e-01
7.835166666666667368e+01,2.934129730000000214e-01,3.067387320000000139e-01
7.847527778333332549e+01,2.904129730000000187e-01,3.047387320000000122e-01
7.859888888333333057e+01,2.914129730000000196e-01,3.077387320000000148e-01
7.872277778333334197e+01,2.924129730000000205e-01,3.077387320000000148e-01
7.884666666666666401e+01,2.904129730000000187e-01,3.097387320000000166e-01
7.897027778333333004e+01,2.954129730000000231e-01,3.117387320000000184e-01
7.909444445000001167e+01,2.924129730000000205e-01,3.117387320000000184e-01
7.921805554999998833e+01,2.964129730000000240e-01,3.107387320000000175e-01
7.934194444999999973e+01,2.984129730000000258e-01,3.127387320000000193e-01
7.946555555000000481e+01,2.974129730000000249e-01,3.157387320000000219e-01
7.958944445000000201e+01,2.994129730000000267e-01,3.127387320000000193e-01
7.971305555000000709e+01,3.014129729999999729e-01,3.147387320000000210e-01
7.983666666666665890e+01,3.024129729999999738e-01,3.157387320000000219e-01
